Date,USDEUR
1/3/2000,0.9763
1/4/2000,0.9713
1/5/2000,0.9689
1/6/2000,0.9682
1/7/2000,0.9713
1/10/2000,0.975
1/11/2000,0.9675
1/12/2000,0.97
1/13/2000,0.9748
1/14/2000,0.9879
1/17/2000,0.9879
1/18/2000,0.9865
1/19/2000,0.9869
1/20/2000,0.9835
1/21/2000,0.9903
1/24/2000,0.9929
1/25/2000,0.9991
1/26/2000,0.9981
1/27/2000,1.0119
1/28/2000,1.026
1/31/2000,1.0302
2/1/2000,1.0298
2/2/2000,1.0241
2/3/2000,1.0107
2/4/2000,1.0171
2/7/2000,1.0188
2/8/2000,1.0147
2/9/2000,1.0058
2/10/2000,1.0148
2/11/2000,1.0127
2/14/2000,1.0222
2/15/2000,1.0188
2/16/2000,1.0139
2/17/2000,1.0124
2/18/2000,1.0164
2/21/2000,1.0125
2/22/2000,0.9962
2/23/2000,0.9964
2/24/2000,1.0081
2/25/2000,1.0257
2/28/2000,1.03
2/29/2000,1.0371
3/1/2000,1.0281
3/2/2000,1.0356
3/3/2000,1.0432
3/6/2000,1.0432
3/7/2000,1.0434
3/8/2000,1.0406
3/9/2000,1.0342
3/10/2000,1.0377
3/13/2000,1.0371
3/14/2000,1.0324
3/15/2000,1.0342
3/16/2000,1.0314
3/17/2000,1.0287
3/20/2000,1.028
3/21/2000,1.04
3/22/2000,1.0406
3/23/2000,1.0293
3/24/2000,1.0226
3/27/2000,1.0339
3/28/2000,1.0411
3/29/2000,1.0511
3/30/2000,1.0403
3/31/2000,1.0466
4/3/2000,1.0468
4/4/2000,1.0421
4/5/2000,1.039
4/6/2000,1.0434
4/7/2000,1.0468
4/10/2000,1.0387
4/11/2000,1.0425
4/12/2000,1.0428
4/13/2000,1.05
4/14/2000,1.0393
4/17/2000,1.0496
4/18/2000,1.0579
4/19/2000,1.0636
4/20/2000,1.0668
4/21/2000,1.0655
4/24/2000,1.0661
4/25/2000,1.086
4/26/2000,1.0828
4/27/2000,1.099
4/28/2000,1.0966
5/1/2000,1.0919
5/2/2000,1.0989
5/3/2000,1.1176
5/4/2000,1.1242
5/5/2000,1.1148
5/8/2000,1.114
5/9/2000,1.1019
5/10/2000,1.1028
5/11/2000,1.1091
5/12/2000,1.0873
5/15/2000,1.0975
5/16/2000,1.1107
5/17/2000,1.1162
5/18/2000,1.1178
5/19/2000,1.1142
5/22/2000,1.1073
5/23/2000,1.1024
5/24/2000,1.1057
5/25/2000,1.0971
5/26/2000,1.0742
5/29/2000,1.0792
5/30/2000,1.0752
5/31/2000,1.0661
6/1/2000,1.0739
6/2/2000,1.0567
6/5/2000,1.055
6/6/2000,1.0473
6/7/2000,1.0393
6/8/2000,1.046
6/9/2000,1.0487
6/12/2000,1.0484
6/13/2000,1.0421
6/14/2000,1.044
6/15/2000,1.0474
6/16/2000,1.0363
6/19/2000,1.0453
6/20/2000,1.0473
6/21/2000,1.0591
6/22/2000,1.0689
6/23/2000,1.0685
6/26/2000,1.0673
6/27/2000,1.0572
6/28/2000,1.0637
6/29/2000,1.0504
6/30/2000,1.0499
7/3/2000,1.0524
7/4/2000,1.0512
7/5/2000,1.0499
7/6/2000,1.0519
7/7/2000,1.0544
7/10/2000,1.0468
7/11/2000,1.0496
7/12/2000,1.0611
7/13/2000,1.067
7/14/2000,1.0655
7/17/2000,1.0677
7/18/2000,1.0813
7/19/2000,1.0815
7/20/2000,1.0717
7/21/2000,1.0673
7/24/2000,1.071
7/25/2000,1.0655
7/26/2000,1.0607
7/27/2000,1.0733
7/28/2000,1.0834
7/31/2000,1.0792
8/1/2000,1.0933
8/2/2000,1.0946
8/3/2000,1.1036
8/4/2000,1.101
8/7/2000,1.1024
8/8/2000,1.1084
8/9/2000,1.1104
8/10/2000,1.101
8/11/2000,1.1079
8/14/2000,1.1042
8/15/2000,1.0947
8/16/2000,1.0916
8/17/2000,1.0915
8/18/2000,1.1033
8/21/2000,1.109
8/22/2000,1.1156
8/23/2000,1.109
8/24/2000,1.1085
8/25/2000,1.1085
8/28/2000,1.1109
8/29/2000,1.121
8/30/2000,1.1186
8/31/2000,1.1264
9/1/2000,1.1115
9/4/2000,1.1138
9/5/2000,1.1232
9/6/2000,1.1492
9/7/2000,1.1477
9/8/2000,1.1531
9/11/2000,1.1659
9/12/2000,1.1574
9/13/2000,1.1636
9/14/2000,1.1569
9/15/2000,1.1705
9/18/2000,1.1714
9/19/2000,1.1752
9/20/2000,1.1774
9/21/2000,1.1629
9/22/2000,1.1408
9/25/2000,1.1435
9/26/2000,1.1328
9/27/2000,1.132
9/28/2000,1.1375
9/29/2000,1.1329
10/2/2000,1.1399
10/3/2000,1.1419
10/4/2000,1.1434
10/5/2000,1.1506
10/6/2000,1.1515
10/9/2000,1.1511
10/10/2000,1.1473
10/11/2000,1.1517
10/12/2000,1.1587
10/13/2000,1.1682
10/16/2000,1.1767
10/17/2000,1.1705
10/18/2000,1.192
10/19/2000,1.1854
10/20/2000,1.1875
10/23/2000,1.197
10/24/2000,1.1963
10/25/2000,1.2089
10/26/2000,1.2044
10/27/2000,1.1915
10/30/2000,1.1889
10/31/2000,1.178
11/1/2000,1.1612
11/2/2000,1.165
11/3/2000,1.1539
11/6/2000,1.1594
11/7/2000,1.1628
11/8/2000,1.1689
11/9/2000,1.1539
11/10/2000,1.1633
11/13/2000,1.1667
11/14/2000,1.166
11/15/2000,1.1662
11/16/2000,1.1721
11/17/2000,1.1795
11/20/2000,1.1745
11/21/2000,1.1848
11/22/2000,1.1825
11/23/2000,1.1915
11/24/2000,1.1933
11/27/2000,1.1725
11/28/2000,1.1684
11/29/2000,1.1658
11/30/2000,1.1456
12/1/2000,1.1365
12/4/2000,1.1291
12/5/2000,1.1365
12/6/2000,1.1211
12/7/2000,1.1255
12/8/2000,1.1251
12/11/2000,1.1386
12/12/2000,1.1371
12/13/2000,1.1403
12/14/2000,1.1207
12/15/2000,1.1153
12/18/2000,1.1161
12/19/2000,1.1169
12/20/2000,1.0997
12/21/2000,1.091
12/22/2000,1.0832
12/25/2000,1.0803
12/26/2000,1.0749
12/27/2000,1.0739
12/28/2000,1.0757
12/29/2000,1.0608
1/1/2001,1.0612
1/2/2001,1.0508
1/3/2001,1.0776
1/4/2001,1.0532
1/5/2001,1.0449
1/8/2001,1.0563
1/9/2001,1.06
1/10/2001,1.0672
1/11/2001,1.0505
1/12/2001,1.0512
1/15/2001,1.0616
1/16/2001,1.0608
1/17/2001,1.0686
1/18/2001,1.0604
1/19/2001,1.0704
1/22/2001,1.0653
1/23/2001,1.0686
1/24/2001,1.0827
1/25/2001,1.0818
1/26/2001,1.0818
1/29/2001,1.0903
1/30/2001,1.079
1/31/2001,1.0677
2/1/2001,1.0652
2/2/2001,1.0679
2/5/2001,1.0667
2/6/2001,1.0741
2/7/2001,1.077
2/8/2001,1.0899
2/9/2001,1.082
2/12/2001,1.0727
2/13/2001,1.086
2/14/2001,1.0893
2/15/2001,1.1046
2/16/2001,1.0929
2/19/2001,1.0853
2/20/2001,1.0972
2/21/2001,1.0988
2/22/2001,1.1064
2/23/2001,1.0898
2/26/2001,1.0977
2/27/2001,1.0898
2/28/2001,1.0827
3/1/2001,1.0748
3/2/2001,1.0686
3/5/2001,1.0769
3/6/2001,1.071
3/7/2001,1.0758
3/8/2001,1.0718
3/9/2001,1.072
3/12/2001,1.0763
3/13/2001,1.0927
3/14/2001,1.0972
3/15/2001,1.1143
3/16/2001,1.1138
3/19/2001,1.1112
3/20/2001,1.0996
3/21/2001,1.1154
3/22/2001,1.1246
3/23/2001,1.1237
3/26/2001,1.1154
3/27/2001,1.1188
3/28/2001,1.1279
3/29/2001,1.1337
3/30/2001,1.1406
4/2/2001,1.1374
4/3/2001,1.1141
4/4/2001,1.1098
4/5/2001,1.1151
4/6/2001,1.106
4/9/2001,1.1152
4/10/2001,1.1251
4/11/2001,1.1263
4/12/2001,1.1203
4/13/2001,1.1259
4/16/2001,1.1247
4/17/2001,1.1319
4/18/2001,1.1319
4/19/2001,1.1142
4/20/2001,1.1084
4/23/2001,1.1158
4/24/2001,1.1183
4/25/2001,1.1142
4/26/2001,1.1069
4/27/2001,1.1213
4/30/2001,1.1247
5/1/2001,1.1202
5/2/2001,1.1187
5/3/2001,1.1237
5/4/2001,1.1204
5/7/2001,1.1232
5/8/2001,1.1299
5/9/2001,1.1283
5/10/2001,1.1346
5/11/2001,1.1425
5/14/2001,1.144
5/15/2001,1.1383
5/16/2001,1.1325
5/17/2001,1.1328
5/18/2001,1.1346
5/21/2001,1.1405
5/22/2001,1.1555
5/23/2001,1.1671
5/24/2001,1.1674
5/25/2001,1.1613
5/28/2001,1.1624
5/29/2001,1.1689
5/30/2001,1.1671
5/31/2001,1.183
6/1/2001,1.1799
6/4/2001,1.1825
6/5/2001,1.171
6/6/2001,1.1795
6/7/2001,1.1752
6/8/2001,1.1758
6/11/2001,1.1871
6/12/2001,1.1716
6/13/2001,1.1692
6/14/2001,1.1596
6/15/2001,1.1614
6/18/2001,1.1617
6/19/2001,1.171
6/20/2001,1.17
6/21/2001,1.1701
6/22/2001,1.166
6/25/2001,1.164
6/26/2001,1.1581
6/27/2001,1.1632
6/28/2001,1.1846
6/29/2001,1.1779
7/2/2001,1.1795
7/3/2001,1.1787
7/4/2001,1.1816
7/5/2001,1.1956
7/6/2001,1.1798
7/9/2001,1.1765
7/10/2001,1.1696
7/11/2001,1.1644
7/12/2001,1.1715
7/13/2001,1.17
7/16/2001,1.1734
7/17/2001,1.1635
7/18/2001,1.1448
7/19/2001,1.1484
7/20/2001,1.148
7/23/2001,1.1507
7/24/2001,1.1443
7/25/2001,1.1347
7/26/2001,1.1393
7/27/2001,1.1397
7/30/2001,1.1439
7/31/2001,1.141
8/1/2001,1.1351
8/2/2001,1.1317
8/3/2001,1.1307
8/6/2001,1.1347
8/7/2001,1.1393
8/8/2001,1.1358
8/9/2001,1.1207
8/10/2001,1.1193
8/13/2001,1.1154
8/14/2001,1.1072
8/15/2001,1.0941
8/16/2001,1.0971
8/17/2001,1.0891
8/20/2001,1.0936
8/21/2001,1.0891
8/22/2001,1.0936
8/23/2001,1.0928
8/24/2001,1.0939
8/27/2001,1.0971
8/28/2001,1.0954
8/29/2001,1.1002
8/30/2001,1.0916
8/31/2001,1.0961
9/3/2001,1.1019
9/4/2001,1.125
9/5/2001,1.128
9/6/2001,1.1164
9/7/2001,1.1019
9/10/2001,1.1136
9/11/2001,1.0952
9/12/2001,1.103
9/13/2001,1.0977
9/14/2001,1.0861
9/17/2001,1.0814
9/18/2001,1.0786
9/19/2001,1.0791
9/20/2001,1.0779
9/21/2001,1.093
9/24/2001,1.0904
9/25/2001,1.0837
9/26/2001,1.0833
9/27/2001,1.089
9/28/2001,1.0972
10/1/2001,1.0899
10/2/2001,1.0883
10/3/2001,1.0935
10/4/2001,1.0896
10/5/2001,1.089
10/8/2001,1.0864
10/9/2001,1.0951
10/10/2001,1.0977
10/11/2001,1.1083
10/12/2001,1.0971
10/15/2001,1.0999
10/16/2001,1.1008
10/17/2001,1.1067
10/18/2001,1.1073
10/19/2001,1.1121
10/22/2001,1.1211
10/23/2001,1.123
10/24/2001,1.1183
10/25/2001,1.1204
10/26/2001,1.1198
10/29/2001,1.1045
10/30/2001,1.1055
10/31/2001,1.1105
11/1/2001,1.108
11/2/2001,1.1078
11/5/2001,1.114
11/6/2001,1.1177
11/7/2001,1.1141
11/8/2001,1.1206
11/9/2001,1.1187
11/12/2001,1.1191
11/13/2001,1.1351
11/14/2001,1.1334
11/15/2001,1.1342
11/16/2001,1.1308
11/19/2001,1.1375
11/20/2001,1.1321
11/21/2001,1.1382
11/22/2001,1.1391
11/23/2001,1.139
11/26/2001,1.136
11/27/2001,1.132
11/28/2001,1.1265
11/29/2001,1.1268
11/30/2001,1.1156
12/3/2001,1.1222
12/4/2001,1.1228
12/5/2001,1.1257
12/6/2001,1.1169
12/7/2001,1.1233
12/10/2001,1.1227
12/11/2001,1.1204
12/12/2001,1.113
12/13/2001,1.1191
12/14/2001,1.1063
12/17/2001,1.1085
12/18/2001,1.1063
12/19/2001,1.1107
12/20/2001,1.1111
12/21/2001,1.1246
12/24/2001,1.1403
12/25/2001,1.138
12/26/2001,1.1355
12/27/2001,1.1326
12/28/2001,1.1293
12/31/2001,1.1242
1/1/2002,1.1242
1/2/2002,1.1071
1/3/2002,1.1125
1/4/2002,1.1174
1/7/2002,1.1197
1/8/2002,1.1196
1/9/2002,1.122
1/10/2002,1.1216
1/11/2002,1.1206
1/14/2002,1.1183
1/15/2002,1.132
1/16/2002,1.1324
1/17/2002,1.1347
1/18/2002,1.1302
1/21/2002,1.1316
1/22/2002,1.1273
1/23/2002,1.1384
1/24/2002,1.1387
1/25/2002,1.1561
1/28/2002,1.1606
1/29/2002,1.1551
1/30/2002,1.161
1/31/2002,1.1636
2/1/2002,1.1604
2/4/2002,1.1497
2/5/2002,1.1525
2/6/2002,1.1529
2/7/2002,1.1492
2/8/2002,1.1465
2/11/2002,1.1408
2/12/2002,1.1405
2/13/2002,1.1482
2/14/2002,1.1446
2/15/2002,1.145
2/18/2002,1.1488
2/19/2002,1.1412
2/20/2002,1.1497
2/21/2002,1.1489
2/22/2002,1.1422
2/25/2002,1.1501
2/26/2002,1.1574
2/27/2002,1.1554
2/28/2002,1.1502
3/1/2002,1.1554
3/4/2002,1.1505
3/5/2002,1.1472
3/6/2002,1.1409
3/7/2002,1.1343
3/8/2002,1.143
3/11/2002,1.1426
3/12/2002,1.1418
3/13/2002,1.1416
3/14/2002,1.1331
3/15/2002,1.1328
3/18/2002,1.1328
3/19/2002,1.1333
3/20/2002,1.1293
3/21/2002,1.1328
3/22/2002,1.1391
3/25/2002,1.1403
3/26/2002,1.1405
3/27/2002,1.1461
3/28/2002,1.1478
3/29/2002,1.1472
4/1/2002,1.1356
4/2/2002,1.1371
4/3/2002,1.1351
4/4/2002,1.1383
4/5/2002,1.1386
4/8/2002,1.1429
4/9/2002,1.1349
4/10/2002,1.1361
4/11/2002,1.1333
4/12/2002,1.1371
4/15/2002,1.137
4/16/2002,1.1329
4/17/2002,1.1231
4/18/2002,1.1222
4/19/2002,1.1203
4/22/2002,1.1244
4/23/2002,1.1255
4/24/2002,1.1202
4/25/2002,1.1136
4/26/2002,1.1088
4/29/2002,1.1071
4/30/2002,1.1105
5/1/2002,1.1033
5/2/2002,1.1072
5/3/2002,1.0902
5/6/2002,1.089
5/7/2002,1.0931
5/8/2002,1.1055
5/9/2002,1.0997
5/10/2002,1.0941
5/13/2002,1.0964
5/14/2002,1.1079
5/15/2002,1.0966
5/16/2002,1.0978
5/17/2002,1.0866
5/20/2002,1.0855
5/21/2002,1.087
5/22/2002,1.0799
5/23/2002,1.0857
5/24/2002,1.086
5/27/2002,1.0862
5/28/2002,1.0769
5/29/2002,1.0695
5/30/2002,1.0672
5/31/2002,1.0704
6/3/2002,1.0617
6/4/2002,1.0645
6/5/2002,1.065
6/6/2002,1.0555
6/7/2002,1.0599
6/10/2002,1.0588
6/11/2002,1.0547
6/12/2002,1.0599
6/13/2002,1.06
6/14/2002,1.057
6/17/2002,1.0584
6/18/2002,1.0508
6/19/2002,1.0441
6/20/2002,1.0365
6/21/2002,1.03
6/24/2002,1.0302
6/25/2002,1.0208
6/26/2002,1.0177
6/27/2002,1.0118
6/28/2002,1.0086
7/1/2002,1.0083
7/2/2002,1.0137
7/3/2002,1.0199
7/4/2002,1.0218
7/5/2002,1.0281
7/8/2002,1.0093
7/9/2002,1.0069
7/10/2002,1.0108
7/11/2002,1.0124
7/12/2002,1.0087
7/15/2002,0.9973
7/16/2002,0.9884
7/17/2002,0.9927
7/18/2002,0.9885
7/19/2002,0.9885
7/22/2002,0.9915
7/23/2002,1.0113
7/24/2002,1.0043
7/25/2002,0.9952
7/26/2002,1.0137
7/29/2002,1.019
7/30/2002,1.0173
7/31/2002,1.0229
8/1/2002,1.0157
8/2/2002,1.0135
8/5/2002,1.0202
8/6/2002,1.0352
8/7/2002,1.026
8/8/2002,1.034
8/9/2002,1.0308
8/12/2002,1.0218
8/13/2002,1.0166
8/14/2002,1.0223
8/15/2002,1.0187
8/16/2002,1.0155
8/19/2002,1.0247
8/20/2002,1.0217
8/21/2002,1.0194
8/22/2002,1.0322
8/23/2002,1.0276
8/26/2002,1.029
8/27/2002,1.0176
8/28/2002,1.0219
8/29/2002,1.0163
8/30/2002,1.018
9/2/2002,1.0157
9/3/2002,1.0025
9/4/2002,1.0082
9/5/2002,1.0085
9/6/2002,1.0184
9/9/2002,1.0208
9/10/2002,1.0259
9/11/2002,1.0245
9/12/2002,1.0188
9/13/2002,1.029
9/16/2002,1.0321
9/17/2002,1.0267
9/18/2002,1.0227
9/19/2002,1.0129
9/20/2002,1.0177
9/23/2002,1.0219
9/24/2002,1.0185
9/25/2002,1.0242
9/26/2002,1.0233
9/27/2002,1.0197
9/30/2002,1.0136
10/1/2002,1.0177
10/2/2002,1.0136
10/3/2002,1.0121
10/4/2002,1.0217
10/7/2002,1.0174
10/8/2002,1.0213
10/9/2002,1.0099
10/10/2002,1.014
10/11/2002,1.0127
10/14/2002,1.013
10/15/2002,1.0185
10/16/2002,1.0195
10/17/2002,1.0302
10/18/2002,1.0294
10/21/2002,1.0271
10/22/2002,1.0229
10/23/2002,1.0253
10/24/2002,1.0226
10/25/2002,1.0248
10/28/2002,1.0163
10/29/2002,1.0172
10/30/2002,1.0163
10/31/2002,1.0098
11/1/2002,1.0034
11/4/2002,1.002
11/5/2002,1.0002
11/6/2002,0.9961
11/7/2002,0.9904
11/8/2002,0.987
11/11/2002,0.9893
11/12/2002,0.9872
11/13/2002,0.9917
11/14/2002,0.9959
11/15/2002,0.9903
11/18/2002,0.991
11/19/2002,0.9976
11/20/2002,0.9987
11/21/2002,0.9974
11/22/2002,1.0032
11/25/2002,1.0078
11/26/2002,1.0063
11/27/2002,1.0098
11/28/2002,1.0063
11/29/2002,1.0057
12/2/2002,1.0032
12/3/2002,1.0028
12/4/2002,0.9991
12/5/2002,0.9994
12/6/2002,0.991
12/9/2002,0.9892
12/10/2002,0.9919
12/11/2002,0.9914
12/12/2002,0.9817
12/13/2002,0.9765
12/16/2002,0.9782
12/17/2002,0.9731
12/18/2002,0.9729
12/19/2002,0.9736
12/20/2002,0.9731
12/23/2002,0.974
12/24/2002,0.9709
12/25/2002,0.9691
12/26/2002,0.9635
12/27/2002,0.9607
12/30/2002,0.9531
12/31/2002,0.9529
1/1/2003,0.953
1/2/2003,0.9654
1/3/2003,0.959
1/6/2003,0.9563
1/7/2003,0.9608
1/8/2003,0.9524
1/9/2003,0.9539
1/10/2003,0.9453
1/13/2003,0.9487
1/14/2003,0.9477
1/15/2003,0.9468
1/16/2003,0.9417
1/17/2003,0.9363
1/20/2003,0.9361
1/21/2003,0.9329
1/22/2003,0.9317
1/23/2003,0.9306
1/24/2003,0.9236
1/27/2003,0.9215
1/28/2003,0.9243
1/29/2003,0.9225
1/30/2003,0.9253
1/31/2003,0.9287
2/3/2003,0.9265
2/4/2003,0.9186
2/5/2003,0.9271
2/6/2003,0.9229
2/7/2003,0.9239
2/10/2003,0.9326
2/11/2003,0.9315
2/12/2003,0.9334
2/13/2003,0.9231
2/14/2003,0.9265
2/17/2003,0.9327
2/18/2003,0.9354
2/19/2003,0.9303
2/20/2003,0.9241
2/21/2003,0.9265
2/24/2003,0.926
2/25/2003,0.9294
2/26/2003,0.9263
2/27/2003,0.9306
2/28/2003,0.9253
3/3/2003,0.9181
3/4/2003,0.9156
3/5/2003,0.9114
3/6/2003,0.9117
3/7/2003,0.9082
3/10/2003,0.9044
3/11/2003,0.9053
3/12/2003,0.9098
3/13/2003,0.9272
3/14/2003,0.9303
3/17/2003,0.9406
3/18/2003,0.9401
3/19/2003,0.9463
3/20/2003,0.942
3/21/2003,0.9501
3/24/2003,0.9395
3/25/2003,0.9383
3/26/2003,0.935
3/27/2003,0.9357
3/28/2003,0.9277
3/31/2003,0.9161
4/1/2003,0.9154
4/2/2003,0.9285
4/3/2003,0.9292
4/4/2003,0.9313
4/7/2003,0.935
4/8/2003,0.9335
4/9/2003,0.9281
4/10/2003,0.9274
4/11/2003,0.9301
4/14/2003,0.9282
4/15/2003,0.926
4/16/2003,0.9167
4/17/2003,0.9189
4/18/2003,0.9192
4/21/2003,0.9197
4/22/2003,0.9111
4/23/2003,0.912
4/24/2003,0.9063
4/25/2003,0.9061
4/28/2003,0.9103
4/29/2003,0.9026
4/30/2003,0.8942
5/1/2003,0.8902
5/2/2003,0.8906
5/5/2003,0.8855
5/6/2003,0.8739
5/7/2003,0.8806
5/8/2003,0.8706
5/9/2003,0.8707
5/12/2003,0.8648
5/13/2003,0.8675
5/14/2003,0.8708
5/15/2003,0.8785
5/16/2003,0.8627
5/19/2003,0.8578
5/20/2003,0.8535
5/21/2003,0.8596
5/22/2003,0.8553
5/23/2003,0.845
5/26/2003,0.8422
5/27/2003,0.846
5/28/2003,0.8504
5/29/2003,0.8397
5/30/2003,0.8482
6/2/2003,0.85
6/3/2003,0.8526
6/4/2003,0.8589
6/5/2003,0.8442
6/6/2003,0.8547
6/9/2003,0.8537
6/10/2003,0.8565
6/11/2003,0.8511
6/12/2003,0.8499
6/13/2003,0.8425
6/16/2003,0.8459
6/17/2003,0.8486
6/18/2003,0.8552
6/19/2003,0.8534
6/20/2003,0.8616
6/23/2003,0.8651
6/24/2003,0.8688
6/25/2003,0.8674
6/26/2003,0.8752
6/27/2003,0.8747
6/30/2003,0.8687
7/1/2003,0.8649
7/2/2003,0.8668
7/3/2003,0.8696
7/4/2003,0.8704
7/7/2003,0.8838
7/8/2003,0.8833
7/9/2003,0.8811
7/10/2003,0.8788
7/11/2003,0.8856
7/14/2003,0.8864
7/15/2003,0.8946
7/16/2003,0.8914
7/17/2003,0.8919
7/18/2003,0.887
7/21/2003,0.8807
7/22/2003,0.883
7/23/2003,0.8707
7/24/2003,0.8714
7/25/2003,0.869
7/28/2003,0.8699
7/29/2003,0.8738
7/30/2003,0.8815
7/31/2003,0.8904
8/1/2003,0.8875
8/4/2003,0.8804
8/5/2003,0.8781
8/6/2003,0.8825
8/7/2003,0.8793
8/8/2003,0.8843
8/11/2003,0.8802
8/12/2003,0.8863
8/13/2003,0.8832
8/14/2003,0.8878
8/15/2003,0.8876
8/18/2003,0.8971
8/19/2003,0.8979
8/20/2003,0.8993
8/21/2003,0.9155
8/22/2003,0.9195
8/25/2003,0.9197
8/26/2003,0.9211
8/27/2003,0.9185
8/28/2003,0.9188
8/29/2003,0.9101
9/1/2003,0.9118
9/2/2003,0.9252
9/3/2003,0.922
9/4/2003,0.9135
9/5/2003,0.9006
9/8/2003,0.9037
9/9/2003,0.8906
9/10/2003,0.8921
9/11/2003,0.8921
9/12/2003,0.8857
9/15/2003,0.8863
9/16/2003,0.8948
9/17/2003,0.8862
9/18/2003,0.8887
9/19/2003,0.8795
9/22/2003,0.8725
9/23/2003,0.8739
9/24/2003,0.8699
9/25/2003,0.8703
9/26/2003,0.8723
9/29/2003,0.8624
9/30/2003,0.8579
10/1/2003,0.8534
10/2/2003,0.8551
10/3/2003,0.8635
10/6/2003,0.8541
10/7/2003,0.8503
10/8/2003,0.8467
10/9/2003,0.8514
10/10/2003,0.8474
10/13/2003,0.8544
10/14/2003,0.8531
10/15/2003,0.8594
10/16/2003,0.8631
10/17/2003,0.8561
10/20/2003,0.8595
10/21/2003,0.8571
10/22/2003,0.8472
10/23/2003,0.8481
10/24/2003,0.8488
10/27/2003,0.8515
10/28/2003,0.8569
10/29/2003,0.8574
10/30/2003,0.8601
10/31/2003,0.8625
11/3/2003,0.8725
11/4/2003,0.87
11/5/2003,0.8744
11/6/2003,0.876
11/7/2003,0.8677
11/10/2003,0.871
11/11/2003,0.8684
11/12/2003,0.8596
11/13/2003,0.8522
11/14/2003,0.849
11/17/2003,0.8512
11/18/2003,0.8352
11/19/2003,0.8419
11/20/2003,0.8396
11/21/2003,0.8394
11/24/2003,0.8496
11/25/2003,0.8481
11/26/2003,0.8374
11/27/2003,0.8397
11/28/2003,0.8338
12/1/2003,0.835
12/2/2003,0.8276
12/3/2003,0.8258
12/4/2003,0.8275
12/5/2003,0.8218
12/8/2003,0.8183
12/9/2003,0.816
12/10/2003,0.8183
12/11/2003,0.8182
12/12/2003,0.8146
12/15/2003,0.8116
12/16/2003,0.8113
12/17/2003,0.8057
12/18/2003,0.8048
12/19/2003,0.8082
12/22/2003,0.8066
12/23/2003,0.8069
12/24/2003,0.8033
12/25/2003,0.803
12/26/2003,0.8046
12/29/2003,0.801
12/30/2003,0.7969
12/31/2003,0.794
1/1/2004,0.7971
1/2/2004,0.7947
1/5/2004,0.789
1/6/2004,0.7857
1/7/2004,0.7918
1/8/2004,0.7835
1/9/2004,0.78
1/12/2004,0.7844
1/13/2004,0.7829
1/14/2004,0.7907
1/15/2004,0.7949
1/16/2004,0.8069
1/19/2004,0.8097
1/20/2004,0.7949
1/21/2004,0.7909
1/22/2004,0.7863
1/23/2004,0.7948
1/26/2004,0.8025
1/27/2004,0.7909
1/28/2004,0.8017
1/29/2004,0.8058
1/30/2004,0.8015
2/2/2004,0.8049
2/3/2004,0.7972
2/4/2004,0.7978
2/5/2004,0.797
2/6/2004,0.7872
2/9/2004,0.7873
2/10/2004,0.7892
2/11/2004,0.7795
2/12/2004,0.7805
2/13/2004,0.7849
2/16/2004,0.783
2/17/2004,0.7788
2/18/2004,0.7882
2/19/2004,0.7865
2/20/2004,0.7978
2/23/2004,0.7964
2/24/2004,0.7931
2/25/2004,0.7999
2/26/2004,0.804
2/27/2004,0.8005
3/1/2004,0.8027
3/2/2004,0.8187
3/3/2004,0.8192
3/4/2004,0.8196
3/5/2004,0.8069
3/8/2004,0.806
3/9/2004,0.8114
3/10/2004,0.818
3/11/2004,0.8094
3/12/2004,0.8187
3/15/2004,0.8152
3/16/2004,0.8149
3/17/2004,0.8172
3/18/2004,0.8071
3/19/2004,0.8137
3/22/2004,0.8107
3/23/2004,0.8105
3/24/2004,0.8241
3/25/2004,0.8243
3/26/2004,0.8243
3/29/2004,0.8224
3/30/2004,0.8218
3/31/2004,0.812
4/1/2004,0.8087
4/2/2004,0.8239
4/5/2004,0.8321
4/6/2004,0.8253
4/7/2004,0.8215
4/8/2004,0.8273
4/9/2004,0.8268
4/12/2004,0.8281
4/13/2004,0.8371
4/14/2004,0.836
4/15/2004,0.8345
4/16/2004,0.8338
4/19/2004,0.8316
4/20/2004,0.8428
4/21/2004,0.8444
4/22/2004,0.84
4/23/2004,0.8445
4/26/2004,0.8427
4/27/2004,0.8388
4/28/2004,0.8447
4/29/2004,0.836
4/30/2004,0.835
5/3/2004,0.8371
5/4/2004,0.8265
5/5/2004,0.8214
5/6/2004,0.8277
5/7/2004,0.8414
5/10/2004,0.844
5/11/2004,0.8423
5/12/2004,0.8403
5/13/2004,0.846
5/14/2004,0.8415
5/17/2004,0.8314
5/18/2004,0.8367
5/19/2004,0.8326
5/20/2004,0.8359
5/21/2004,0.8348
5/24/2004,0.8331
5/25/2004,0.826
5/26/2004,0.8262
5/27/2004,0.8156
5/28/2004,0.8181
5/31/2004,0.8205
6/1/2004,0.8166
6/2/2004,0.8187
6/3/2004,0.8178
6/4/2004,0.8141
6/7/2004,0.8117
6/8/2004,0.8151
6/9/2004,0.8301
6/10/2004,0.826
6/11/2004,0.833
6/14/2004,0.8295
6/15/2004,0.8223
6/16/2004,0.8327
6/17/2004,0.8295
6/18/2004,0.8239
6/21/2004,0.8255
6/22/2004,0.826
6/23/2004,0.827
6/24/2004,0.8217
6/25/2004,0.8214
6/28/2004,0.8207
6/29/2004,0.8276
6/30/2004,0.8196
7/1/2004,0.8225
7/2/2004,0.8117
7/5/2004,0.8137
7/6/2004,0.814
7/7/2004,0.8083
7/8/2004,0.8073
7/9/2004,0.8056
7/12/2004,0.8061
7/13/2004,0.8111
7/14/2004,0.8077
7/15/2004,0.8094
7/16/2004,0.8031
7/19/2004,0.8039
7/20/2004,0.811
7/21/2004,0.8157
7/22/2004,0.8159
7/23/2004,0.8268
7/26/2004,0.8235
7/27/2004,0.8295
7/28/2004,0.8295
7/29/2004,0.8303
7/30/2004,0.8321
8/2/2004,0.8315
8/3/2004,0.8292
8/4/2004,0.83
8/5/2004,0.8295
8/6/2004,0.8144
8/9/2004,0.815
8/10/2004,0.8172
8/11/2004,0.8186
8/12/2004,0.816
8/13/2004,0.8082
8/16/2004,0.8089
8/17/2004,0.8095
8/18/2004,0.8107
8/19/2004,0.8086
8/20/2004,0.8119
8/23/2004,0.8235
8/24/2004,0.8279
8/25/2004,0.8277
8/26/2004,0.8263
8/27/2004,0.8326
8/30/2004,0.8298
8/31/2004,0.8208
9/1/2004,0.8203
9/2/2004,0.8215
9/3/2004,0.8292
9/6/2004,0.8288
9/7/2004,0.8258
9/8/2004,0.8207
9/9/2004,0.8188
9/10/2004,0.8156
9/13/2004,0.8158
9/14/2004,0.8161
9/15/2004,0.823
9/16/2004,0.8207
9/17/2004,0.8205
9/20/2004,0.8213
9/21/2004,0.8106
9/22/2004,0.8153
9/23/2004,0.8149
9/24/2004,0.8147
9/27/2004,0.8134
9/28/2004,0.8112
9/29/2004,0.8108
9/30/2004,0.8041
10/1/2004,0.8056
10/4/2004,0.8139
10/5/2004,0.8122
10/6/2004,0.8138
10/7/2004,0.814
10/8/2004,0.8059
10/11/2004,0.8072
10/12/2004,0.8112
10/13/2004,0.8098
10/14/2004,0.8072
10/15/2004,0.8018
10/18/2004,0.8004
10/19/2004,0.7992
10/20/2004,0.7943
10/21/2004,0.7927
10/22/2004,0.7885
10/25/2004,0.7808
10/26/2004,0.7833
10/27/2004,0.7866
10/28/2004,0.7846
10/29/2004,0.7814
11/1/2004,0.7843
11/2/2004,0.7847
11/3/2004,0.7798
11/4/2004,0.7769
11/5/2004,0.7714
11/8/2004,0.774
11/9/2004,0.7752
11/10/2004,0.7759
11/11/2004,0.7749
11/12/2004,0.7708
11/15/2004,0.7723
11/16/2004,0.7718
11/17/2004,0.7672
11/18/2004,0.7716
11/19/2004,0.7677
11/22/2004,0.7663
11/23/2004,0.7641
11/24/2004,0.7584
11/25/2004,0.7537
11/26/2004,0.7521
11/29/2004,0.7531
11/30/2004,0.7532
12/1/2004,0.7493
12/2/2004,0.7537
12/3/2004,0.7433
12/6/2004,0.746
12/7/2004,0.7452
12/8/2004,0.7498
12/9/2004,0.7513
12/10/2004,0.7561
12/13/2004,0.7511
12/14/2004,0.7521
12/15/2004,0.7467
12/16/2004,0.7552
12/17/2004,0.7514
12/20/2004,0.7465
12/21/2004,0.7479
12/22/2004,0.7468
12/23/2004,0.74
12/24/2004,0.7391
12/27/2004,0.7344
12/28/2004,0.7346
12/29/2004,0.7349
12/30/2004,0.7333
12/31/2004,0.7378
1/3/2005,0.7427
1/4/2005,0.753
1/5/2005,0.7541
1/6/2005,0.7592
1/7/2005,0.7661
1/10/2005,0.7647
1/11/2005,0.7629
1/12/2005,0.7544
1/13/2005,0.7562
1/14/2005,0.7627
1/17/2005,0.7653
1/18/2005,0.768
1/19/2005,0.7686
1/20/2005,0.7715
1/21/2005,0.7666
1/24/2005,0.7657
1/25/2005,0.7708
1/26/2005,0.7649
1/27/2005,0.7667
1/28/2005,0.767
1/31/2005,0.767
2/1/2005,0.7664
2/2/2005,0.7677
2/3/2005,0.7708
2/4/2005,0.7772
2/7/2005,0.7839
2/8/2005,0.7836
2/9/2005,0.781
2/10/2005,0.7768
2/11/2005,0.7772
2/14/2005,0.7707
2/15/2005,0.7677
2/16/2005,0.7675
2/17/2005,0.7651
2/18/2005,0.765
2/21/2005,0.7653
2/22/2005,0.7542
2/23/2005,0.7567
2/24/2005,0.7578
2/25/2005,0.7549
2/28/2005,0.7561
3/1/2005,0.7583
3/2/2005,0.7611
3/3/2005,0.7628
3/4/2005,0.7554
3/7/2005,0.7568
3/8/2005,0.7494
3/9/2005,0.7467
3/10/2005,0.7452
3/11/2005,0.7431
3/14/2005,0.748
3/15/2005,0.7516
3/16/2005,0.7453
3/17/2005,0.7476
3/18/2005,0.7503
3/21/2005,0.7601
3/22/2005,0.7644
3/23/2005,0.7701
3/24/2005,0.7729
3/25/2005,0.7717
3/28/2005,0.7753
3/29/2005,0.7738
3/30/2005,0.7744
3/31/2005,0.7713
4/1/2005,0.7747
4/4/2005,0.7784
4/5/2005,0.7769
4/6/2005,0.777
4/7/2005,0.7778
4/8/2005,0.7733
4/11/2005,0.7709
4/12/2005,0.774
4/13/2005,0.7742
4/14/2005,0.7806
4/15/2005,0.7736
4/18/2005,0.7678
4/19/2005,0.7655
4/20/2005,0.7641
4/21/2005,0.7664
4/22/2005,0.7654
4/25/2005,0.769
4/26/2005,0.7701
4/27/2005,0.7734
4/28/2005,0.7756
4/29/2005,0.7769
5/2/2005,0.7774
5/3/2005,0.7769
5/4/2005,0.7725
5/5/2005,0.7718
5/6/2005,0.7802
5/9/2005,0.7786
5/10/2005,0.7763
5/11/2005,0.7803
5/12/2005,0.7877
5/13/2005,0.7918
5/16/2005,0.7909
5/17/2005,0.7933
5/18/2005,0.7886
5/19/2005,0.791
5/20/2005,0.7961
5/23/2005,0.795
5/24/2005,0.7946
5/25/2005,0.7937
5/26/2005,0.7993
5/27/2005,0.7947
5/30/2005,0.8016
5/31/2005,0.8127
6/1/2005,0.8211
6/2/2005,0.8151
6/3/2005,0.8174
6/6/2005,0.8157
6/7/2005,0.814
6/8/2005,0.8174
6/9/2005,0.8177
6/10/2005,0.8252
6/13/2005,0.8258
6/14/2005,0.8313
6/15/2005,0.8254
6/16/2005,0.8259
6/17/2005,0.8139
6/20/2005,0.8228
6/21/2005,0.8207
6/22/2005,0.8245
6/23/2005,0.8305
6/24/2005,0.827
6/27/2005,0.8223
6/28/2005,0.8296
6/29/2005,0.8284
6/30/2005,0.826
7/1/2005,0.8365
7/4/2005,0.8402
7/5/2005,0.8395
7/6/2005,0.8381
7/7/2005,0.8368
7/8/2005,0.8357
7/11/2005,0.8284
7/12/2005,0.8169
7/13/2005,0.8269
7/14/2005,0.8275
7/15/2005,0.8307
7/18/2005,0.8297
7/19/2005,0.8309
7/20/2005,0.8237
7/21/2005,0.8216
7/22/2005,0.8291
7/25/2005,0.8292
7/26/2005,0.8324
7/27/2005,0.8285
7/28/2005,0.8239
7/29/2005,0.825
8/1/2005,0.8211
8/2/2005,0.8202
8/3/2005,0.8106
8/4/2005,0.8075
8/5/2005,0.8093
8/8/2005,0.8097
8/9/2005,0.8084
8/10/2005,0.8079
8/11/2005,0.8019
8/12/2005,0.8039
8/15/2005,0.8086
8/16/2005,0.8088
8/17/2005,0.8148
8/18/2005,0.8214
8/19/2005,0.8227
8/22/2005,0.8177
8/23/2005,0.8173
8/24/2005,0.8148
8/25/2005,0.8129
8/26/2005,0.814
8/29/2005,0.8174
8/30/2005,0.8185
8/31/2005,0.8099
9/1/2005,0.8001
9/2/2005,0.798
9/5/2005,0.7975
9/6/2005,0.8021
9/7/2005,0.8054
9/8/2005,0.8066
9/9/2005,0.8058
9/12/2005,0.8141
9/13/2005,0.8151
9/14/2005,0.8138
9/15/2005,0.8181
9/16/2005,0.8171
9/19/2005,0.8238
9/20/2005,0.8253
9/21/2005,0.8187
9/22/2005,0.8227
9/23/2005,0.8305
9/26/2005,0.8285
9/27/2005,0.8325
9/28/2005,0.8307
9/29/2005,0.8312
9/30/2005,0.8315
10/3/2005,0.8391
10/4/2005,0.8391
10/5/2005,0.8352
10/6/2005,0.821
10/7/2005,0.8244
10/10/2005,0.8287
10/11/2005,0.8339
10/12/2005,0.8316
10/13/2005,0.8316
10/14/2005,0.8282
10/17/2005,0.8316
10/18/2005,0.8361
10/19/2005,0.8339
10/20/2005,0.8316
10/21/2005,0.8366
10/24/2005,0.8343
10/25/2005,0.826
10/26/2005,0.8286
10/27/2005,0.8237
10/28/2005,0.8285
10/31/2005,0.8339
11/1/2005,0.8319
11/2/2005,0.8283
11/3/2005,0.8372
11/4/2005,0.8466
11/7/2005,0.8472
11/8/2005,0.8489
11/9/2005,0.85
11/10/2005,0.8558
11/11/2005,0.8524
11/14/2005,0.8557
11/15/2005,0.8533
11/16/2005,0.8569
11/17/2005,0.8511
11/18/2005,0.8493
11/21/2005,0.8528
11/22/2005,0.8463
11/23/2005,0.8458
11/24/2005,0.8484
11/25/2005,0.853
11/28/2005,0.844
11/29/2005,0.849
11/30/2005,0.8484
12/1/2005,0.8521
12/2/2005,0.8535
12/5/2005,0.8483
12/6/2005,0.8489
12/7/2005,0.8531
12/8/2005,0.8462
12/9/2005,0.8466
12/12/2005,0.8365
12/13/2005,0.8371
12/14/2005,0.8333
12/15/2005,0.8348
12/16/2005,0.8323
12/19/2005,0.8328
12/20/2005,0.8432
12/21/2005,0.845
12/22/2005,0.8426
12/23/2005,0.8426
12/26/2005,0.8442
12/27/2005,0.8456
12/28/2005,0.8452
12/29/2005,0.8446
12/30/2005,0.844
1/2/2006,0.8461
1/3/2006,0.8321
1/4/2006,0.8252
1/5/2006,0.8258
1/6/2006,0.8229
1/9/2006,0.8274
1/10/2006,0.8288
1/11/2006,0.8246
1/12/2006,0.8308
1/13/2006,0.8236
1/16/2006,0.8247
1/17/2006,0.8261
1/18/2006,0.8255
1/19/2006,0.8266
1/20/2006,0.824
1/23/2006,0.8126
1/24/2006,0.8143
1/25/2006,0.8173
1/26/2006,0.8192
1/27/2006,0.8268
1/30/2006,0.8272
1/31/2006,0.8226
2/1/2006,0.8288
2/2/2006,0.827
2/3/2006,0.8317
2/6/2006,0.8357
2/7/2006,0.8346
2/8/2006,0.8361
2/9/2006,0.8348
2/10/2006,0.8402
2/13/2006,0.8405
2/14/2006,0.8392
2/15/2006,0.8411
2/16/2006,0.8399
2/17/2006,0.8376
2/20/2006,0.8378
2/21/2006,0.8395
2/22/2006,0.8394
2/23/2006,0.8391
2/24/2006,0.842
2/27/2006,0.8442
2/28/2006,0.8388
3/1/2006,0.8387
3/2/2006,0.8307
3/3/2006,0.8302
3/6/2006,0.8322
3/7/2006,0.8413
3/8/2006,0.8384
3/9/2006,0.8397
3/10/2006,0.8396
3/13/2006,0.8358
3/14/2006,0.8325
3/15/2006,0.8285
3/16/2006,0.8207
3/17/2006,0.8203
3/20/2006,0.8221
3/21/2006,0.8268
3/22/2006,0.828
3/23/2006,0.8353
3/24/2006,0.8309
3/27/2006,0.8322
3/28/2006,0.8333
3/29/2006,0.8316
3/30/2006,0.8222
3/31/2006,0.8254
4/3/2006,0.8238
4/4/2006,0.8158
4/5/2006,0.8138
4/6/2006,0.8177
4/7/2006,0.8269
4/10/2006,0.8257
4/11/2006,0.8235
4/12/2006,0.8261
4/13/2006,0.8259
4/14/2006,0.826
4/17/2006,0.8163
4/18/2006,0.8101
4/19/2006,0.8077
4/20/2006,0.8119
4/21/2006,0.8101
4/24/2006,0.8072
4/25/2006,0.8045
4/26/2006,0.803
4/27/2006,0.7979
4/28/2006,0.7915
5/1/2006,0.7945
5/2/2006,0.7927
5/3/2006,0.7916
5/4/2006,0.7879
5/5/2006,0.7857
5/8/2006,0.7866
5/9/2006,0.7837
5/10/2006,0.7822
5/11/2006,0.779
5/12/2006,0.7736
5/15/2006,0.7816
5/16/2006,0.7777
5/17/2006,0.7848
5/18/2006,0.7784
5/19/2006,0.7826
5/22/2006,0.7772
5/23/2006,0.78
5/24/2006,0.7841
5/25/2006,0.7812
5/26/2006,0.785
5/29/2006,0.7843
5/30/2006,0.777
5/31/2006,0.7808
6/1/2006,0.781
6/2/2006,0.7741
6/5/2006,0.7748
6/6/2006,0.7792
6/7/2006,0.7821
6/8/2006,0.7905
6/9/2006,0.7912
6/12/2006,0.7945
6/13/2006,0.7978
6/14/2006,0.7939
6/15/2006,0.7914
6/16/2006,0.791
6/19/2006,0.7953
6/20/2006,0.7949
6/21/2006,0.79
6/22/2006,0.795
6/23/2006,0.7994
6/26/2006,0.7948
6/27/2006,0.7951
6/28/2006,0.7964
6/29/2006,0.7896
6/30/2006,0.7818
7/3/2006,0.781
7/4/2006,0.7814
7/5/2006,0.7859
7/6/2006,0.7824
7/7/2006,0.7806
7/10/2006,0.7856
7/11/2006,0.7828
7/12/2006,0.7871
7/13/2006,0.7881
7/14/2006,0.7904
7/17/2006,0.7989
7/18/2006,0.7997
7/19/2006,0.7945
7/20/2006,0.7919
7/21/2006,0.7877
7/24/2006,0.7914
7/25/2006,0.7951
7/26/2006,0.7863
7/27/2006,0.7875
7/28/2006,0.7838
7/31/2006,0.7833
8/1/2006,0.7797
8/2/2006,0.782
8/3/2006,0.7811
8/4/2006,0.7767
8/7/2006,0.7787
8/8/2006,0.7792
8/9/2006,0.7775
8/10/2006,0.7816
8/11/2006,0.7861
8/14/2006,0.7865
8/15/2006,0.7822
8/16/2006,0.7789
8/17/2006,0.7795
8/18/2006,0.7798
8/21/2006,0.7756
8/22/2006,0.7811
8/23/2006,0.782
8/24/2006,0.7834
8/25/2006,0.7842
8/28/2006,0.7825
8/29/2006,0.7798
8/30/2006,0.7792
8/31/2006,0.7804
9/1/2006,0.7792
9/4/2006,0.7768
9/5/2006,0.7803
9/6/2006,0.7809
9/7/2006,0.7855
9/8/2006,0.789
9/11/2006,0.7873
9/12/2006,0.7881
9/13/2006,0.7881
9/14/2006,0.7859
9/15/2006,0.7896
9/18/2006,0.7871
9/19/2006,0.7888
9/20/2006,0.7883
9/21/2006,0.7825
9/22/2006,0.7822
9/25/2006,0.7846
9/26/2006,0.788
9/27/2006,0.7874
9/28/2006,0.7872
9/29/2006,0.789
10/2/2006,0.7851
10/3/2006,0.7854
10/4/2006,0.7864
10/5/2006,0.7877
10/6/2006,0.7936
10/9/2006,0.794
10/10/2006,0.7976
10/11/2006,0.7991
10/12/2006,0.7965
10/13/2006,0.7991
10/16/2006,0.7979
10/17/2006,0.7971
10/18/2006,0.7979
10/19/2006,0.7921
10/20/2006,0.7925
10/23/2006,0.7967
10/24/2006,0.7963
10/25/2006,0.7936
10/26/2006,0.7878
10/27/2006,0.7849
10/30/2006,0.7859
10/31/2006,0.7836
11/1/2006,0.7839
11/2/2006,0.7825
11/3/2006,0.7863
11/6/2006,0.7859
11/7/2006,0.7827
11/8/2006,0.7839
11/9/2006,0.7795
11/10/2006,0.7788
11/13/2006,0.7809
11/14/2006,0.7806
11/15/2006,0.7795
11/16/2006,0.7815
11/17/2006,0.7796
11/20/2006,0.7803
11/21/2006,0.7785
11/22/2006,0.7726
11/23/2006,0.7725
11/24/2006,0.7637
11/27/2006,0.7614
11/28/2006,0.7576
11/29/2006,0.7602
11/30/2006,0.7552
12/1/2006,0.7498
12/4/2006,0.7495
12/5/2006,0.7509
12/6/2006,0.7526
12/7/2006,0.7526
12/8/2006,0.7574
12/11/2006,0.7555
12/12/2006,0.7527
12/13/2006,0.7568
12/14/2006,0.7609
12/15/2006,0.7645
12/18/2006,0.7635
12/19/2006,0.7577
12/20/2006,0.7591
12/21/2006,0.7589
12/22/2006,0.7617
12/25/2006,0.7621
12/26/2006,0.7635
12/27/2006,0.7625
12/28/2006,0.7605
12/29/2006,0.7577
1/1/2007,0.7575
1/2/2007,0.7534
1/3/2007,0.7593
1/4/2007,0.7643
1/5/2007,0.7691
1/8/2007,0.7678
1/9/2007,0.7692
1/10/2007,0.7729
1/11/2007,0.7756
1/12/2007,0.7738
1/15/2007,0.7729
1/16/2007,0.7741
1/17/2007,0.7729
1/18/2007,0.7714
1/19/2007,0.7718
1/22/2007,0.7722
1/23/2007,0.7677
1/24/2007,0.771
1/25/2007,0.7733
1/26/2007,0.7742
1/29/2007,0.7718
1/30/2007,0.771
1/31/2007,0.7673
2/1/2007,0.7679
2/2/2007,0.7715
2/5/2007,0.7735
2/6/2007,0.7701
2/7/2007,0.7685
2/8/2007,0.7668
2/9/2007,0.7688
2/12/2007,0.7712
2/13/2007,0.7669
2/14/2007,0.7616
2/15/2007,0.7609
2/16/2007,0.7612
2/19/2007,0.7601
2/20/2007,0.7612
2/21/2007,0.7611
2/22/2007,0.7618
2/23/2007,0.7595
2/26/2007,0.7583
2/27/2007,0.7551
2/28/2007,0.7559
3/1/2007,0.7584
3/2/2007,0.758
3/5/2007,0.7639
3/6/2007,0.7617
3/7/2007,0.7589
3/8/2007,0.7614
3/9/2007,0.7624
3/12/2007,0.7582
3/13/2007,0.7577
3/14/2007,0.7563
3/15/2007,0.7554
3/16/2007,0.7508
3/19/2007,0.7517
3/20/2007,0.7509
3/21/2007,0.7471
3/22/2007,0.7501
3/23/2007,0.7528
3/26/2007,0.7502
3/27/2007,0.749
3/28/2007,0.7511
3/29/2007,0.7501
3/30/2007,0.7488
4/2/2007,0.7482
4/3/2007,0.7502
4/4/2007,0.7481
4/5/2007,0.7446
4/6/2007,0.7474
4/9/2007,0.7488
4/10/2007,0.744
4/11/2007,0.7445
4/12/2007,0.7417
4/13/2007,0.7392
4/16/2007,0.7388
4/17/2007,0.7371
4/18/2007,0.7348
4/19/2007,0.7346
4/20/2007,0.7358
4/23/2007,0.7365
4/24/2007,0.7331
4/25/2007,0.7333
4/26/2007,0.7352
4/27/2007,0.7325
4/30/2007,0.7327
5/1/2007,0.7351
5/2/2007,0.7357
5/3/2007,0.738
5/4/2007,0.7358
5/7/2007,0.7352
5/8/2007,0.7384
5/9/2007,0.7392
5/10/2007,0.7416
5/11/2007,0.7394
5/14/2007,0.7382
5/15/2007,0.7358
5/16/2007,0.7399
5/17/2007,0.7411
5/18/2007,0.7402
5/21/2007,0.7424
5/22/2007,0.7436
5/23/2007,0.743
5/24/2007,0.7447
5/25/2007,0.7439
5/28/2007,0.7434
5/29/2007,0.7436
5/30/2007,0.7447
5/31/2007,0.7433
6/1/2007,0.7436
6/4/2007,0.7413
6/5/2007,0.7394
6/6/2007,0.7405
6/7/2007,0.7444
6/8/2007,0.7478
6/11/2007,0.7486
6/12/2007,0.7518
6/13/2007,0.7513
6/14/2007,0.7512
6/15/2007,0.7469
6/18/2007,0.7455
6/19/2007,0.7448
6/20/2007,0.746
6/21/2007,0.7469
6/22/2007,0.7424
6/25/2007,0.7428
6/26/2007,0.7432
6/27/2007,0.7433
6/28/2007,0.7435
6/29/2007,0.7385
7/2/2007,0.734
7/3/2007,0.7348
7/4/2007,0.7346
7/5/2007,0.7353
7/6/2007,0.7338
7/9/2007,0.7339
7/10/2007,0.7274
7/11/2007,0.7275
7/12/2007,0.7252
7/13/2007,0.7256
7/16/2007,0.7261
7/17/2007,0.7256
7/18/2007,0.7245
7/19/2007,0.7244
7/20/2007,0.7232
7/23/2007,0.7243
7/24/2007,0.7234
7/25/2007,0.7288
7/26/2007,0.7274
7/27/2007,0.7333
7/30/2007,0.7301
7/31/2007,0.7308
8/1/2007,0.7317
8/2/2007,0.7297
8/3/2007,0.726
8/6/2007,0.725
8/7/2007,0.728
8/8/2007,0.7247
8/9/2007,0.7311
8/10/2007,0.7303
8/13/2007,0.7346
8/14/2007,0.7389
8/15/2007,0.7439
8/16/2007,0.7448
8/17/2007,0.7421
8/20/2007,0.7422
8/21/2007,0.7426
8/22/2007,0.7384
8/23/2007,0.7372
8/24/2007,0.7312
8/27/2007,0.7328
8/28/2007,0.7351
8/29/2007,0.7311
8/30/2007,0.7339
8/31/2007,0.7337
9/3/2007,0.734
9/4/2007,0.735
9/5/2007,0.7328
9/6/2007,0.7304
9/7/2007,0.7263
9/10/2007,0.7245
9/11/2007,0.7226
9/12/2007,0.7192
9/13/2007,0.7202
9/14/2007,0.7207
9/17/2007,0.7211
9/18/2007,0.7151
9/19/2007,0.7165
9/20/2007,0.711
9/21/2007,0.7097
9/24/2007,0.7099
9/25/2007,0.7073
9/26/2007,0.7078
9/27/2007,0.7066
9/28/2007,0.7009
10/1/2007,0.7027
10/2/2007,0.7065
10/3/2007,0.7097
10/4/2007,0.7073
10/5/2007,0.7075
10/8/2007,0.7118
10/9/2007,0.7089
10/10/2007,0.7069
10/11/2007,0.7044
10/12/2007,0.7053
10/15/2007,0.704
10/16/2007,0.7056
10/17/2007,0.7038
10/18/2007,0.6995
10/19/2007,0.6992
10/22/2007,0.7051
10/23/2007,0.7011
10/24/2007,0.7009
10/25/2007,0.6981
10/26/2007,0.6948
10/29/2007,0.6932
10/30/2007,0.6929
10/31/2007,0.6903
11/1/2007,0.6932
11/2/2007,0.6895
11/5/2007,0.6911
11/6/2007,0.687
11/7/2007,0.6831
11/8/2007,0.6814
11/9/2007,0.6813
11/12/2007,0.6882
11/13/2007,0.6848
11/14/2007,0.6825
11/15/2007,0.6844
11/16/2007,0.6819
11/19/2007,0.6819
11/20/2007,0.6739
11/21/2007,0.673
11/22/2007,0.6734
11/23/2007,0.674
11/26/2007,0.6724
11/27/2007,0.6743
11/28/2007,0.6738
11/29/2007,0.6782
11/30/2007,0.6834
12/3/2007,0.6818
12/4/2007,0.6776
12/5/2007,0.6844
12/6/2007,0.6832
12/7/2007,0.6822
12/10/2007,0.6797
12/11/2007,0.6824
12/12/2007,0.68
12/13/2007,0.6834
12/14/2007,0.693
12/17/2007,0.6944
12/18/2007,0.6938
12/19/2007,0.6953
12/20/2007,0.6979
12/21/2007,0.6953
12/24/2007,0.6947
12/25/2007,0.6943
12/26/2007,0.6902
12/27/2007,0.6837
12/28/2007,0.6792
12/31/2007,0.6855
1/1/2008,0.6853
1/2/2008,0.6796
1/3/2008,0.678
1/4/2008,0.6783
1/7/2008,0.6805
1/8/2008,0.6799
1/9/2008,0.6822
1/10/2008,0.6755
1/11/2008,0.6768
1/14/2008,0.6725
1/15/2008,0.6755
1/16/2008,0.6825
1/17/2008,0.683
1/18/2008,0.6839
1/21/2008,0.6918
1/22/2008,0.6836
1/23/2008,0.6835
1/24/2008,0.6777
1/25/2008,0.6811
1/28/2008,0.6765
1/29/2008,0.6768
1/30/2008,0.6729
1/31/2008,0.6729
2/1/2008,0.6756
2/4/2008,0.6743
2/5/2008,0.6827
2/6/2008,0.6835
2/7/2008,0.6903
2/8/2008,0.6894
2/11/2008,0.6888
2/12/2008,0.6857
2/13/2008,0.6862
2/14/2008,0.6829
2/15/2008,0.6811
2/18/2008,0.6823
2/19/2008,0.6791
2/20/2008,0.6796
2/21/2008,0.675
2/22/2008,0.6744
2/25/2008,0.6743
2/26/2008,0.6678
2/27/2008,0.6614
2/28/2008,0.6582
2/29/2008,0.6588
3/3/2008,0.6577
3/4/2008,0.6572
3/5/2008,0.6551
3/6/2008,0.6502
3/7/2008,0.6512
3/10/2008,0.6517
3/11/2008,0.652
3/12/2008,0.6431
3/13/2008,0.6396
3/14/2008,0.638
3/17/2008,0.6357
3/18/2008,0.64
3/19/2008,0.64
3/20/2008,0.6482
3/21/2008,0.648
3/24/2008,0.6484
3/25/2008,0.639
3/26/2008,0.6311
3/27/2008,0.6338
3/28/2008,0.6331
3/31/2008,0.6334
4/1/2008,0.6404
4/2/2008,0.6375
4/3/2008,0.6376
4/4/2008,0.6354
4/7/2008,0.6365
4/8/2008,0.6364
4/9/2008,0.6317
4/10/2008,0.6352
4/11/2008,0.6326
4/14/2008,0.6316
4/15/2008,0.6333
4/16/2008,0.6271
4/17/2008,0.6286
4/18/2008,0.6322
4/21/2008,0.6284
4/22/2008,0.6253
4/23/2008,0.6294
4/24/2008,0.6377
4/25/2008,0.6397
4/28/2008,0.6387
4/29/2008,0.6422
4/30/2008,0.6401
5/1/2008,0.6462
5/2/2008,0.6483
5/5/2008,0.6453
5/6/2008,0.6438
5/7/2008,0.6496
5/8/2008,0.6496
5/9/2008,0.6459
5/12/2008,0.643
5/13/2008,0.6462
5/14/2008,0.6462
5/15/2008,0.6473
5/16/2008,0.642
5/19/2008,0.6447
5/20/2008,0.6391
5/21/2008,0.6331
5/22/2008,0.6356
5/23/2008,0.6344
5/26/2008,0.6341
5/27/2008,0.6373
5/28/2008,0.6395
5/29/2008,0.6444
5/30/2008,0.6429
6/2/2008,0.6436
6/3/2008,0.6475
6/4/2008,0.6476
6/5/2008,0.6413
6/6/2008,0.6338
6/9/2008,0.6391
6/10/2008,0.6465
6/11/2008,0.643
6/12/2008,0.6477
6/13/2008,0.6502
6/16/2008,0.6461
6/17/2008,0.6447
6/18/2008,0.6437
6/19/2008,0.645
6/20/2008,0.6408
6/23/2008,0.6444
6/24/2008,0.6423
6/25/2008,0.6383
6/26/2008,0.6346
6/27/2008,0.6332
6/30/2008,0.6347
7/1/2008,0.6332
7/2/2008,0.6296
7/3/2008,0.6368
7/4/2008,0.6368
7/7/2008,0.6358
7/8/2008,0.6381
7/9/2008,0.6352
7/10/2008,0.6334
7/11/2008,0.6274
7/14/2008,0.6286
7/15/2008,0.6285
7/16/2008,0.6318
7/17/2008,0.6304
7/18/2008,0.631
7/21/2008,0.6281
7/22/2008,0.6336
7/23/2008,0.637
7/24/2008,0.6379
7/25/2008,0.6366
7/28/2008,0.6353
7/29/2008,0.6415
7/30/2008,0.642
7/31/2008,0.6409
8/1/2008,0.6424
8/4/2008,0.642
8/5/2008,0.6471
8/6/2008,0.649
8/7/2008,0.6525
8/8/2008,0.6663
8/11/2008,0.6707
8/12/2008,0.67
8/13/2008,0.6703
8/14/2008,0.6745
8/15/2008,0.6808
8/18/2008,0.6805
8/19/2008,0.6768
8/20/2008,0.6781
8/21/2008,0.6712
8/22/2008,0.676
8/25/2008,0.6778
8/26/2008,0.6824
8/27/2008,0.679
8/28/2008,0.68
8/29/2008,0.6815
9/1/2008,0.6841
9/2/2008,0.6887
9/3/2008,0.6897
9/4/2008,0.6981
9/5/2008,0.7009
9/8/2008,0.7078
9/9/2008,0.7075
9/10/2008,0.7144
9/11/2008,0.7144
9/12/2008,0.703
9/15/2008,0.702
9/16/2008,0.7076
9/17/2008,0.698
9/18/2008,0.697
9/19/2008,0.6914
9/22/2008,0.6769
9/23/2008,0.6826
9/24/2008,0.6839
9/25/2008,0.6845
9/26/2008,0.6843
9/29/2008,0.6926
9/30/2008,0.7096
10/1/2008,0.7138
10/2/2008,0.7236
10/3/2008,0.726
10/6/2008,0.7408
10/7/2008,0.7359
10/8/2008,0.7324
10/9/2008,0.7351
10/10/2008,0.7457
10/13/2008,0.7364
10/14/2008,0.7343
10/15/2008,0.7409
10/16/2008,0.7432
10/17/2008,0.7459
10/20/2008,0.7494
10/21/2008,0.7656
10/22/2008,0.7778
10/23/2008,0.7731
10/24/2008,0.7922
10/27/2008,0.8004
10/28/2008,0.7885
10/29/2008,0.7715
10/30/2008,0.7742
10/31/2008,0.7855
11/3/2008,0.7909
11/4/2008,0.7704
11/5/2008,0.772
11/6/2008,0.7865
11/7/2008,0.7863
11/10/2008,0.7844
11/11/2008,0.7986
11/12/2008,0.7997
11/13/2008,0.7831
11/14/2008,0.7933
11/17/2008,0.7905
11/18/2008,0.7925
11/19/2008,0.8007
11/20/2008,0.803
11/21/2008,0.7944
11/24/2008,0.7719
11/25/2008,0.7654
11/26/2008,0.7764
11/27/2008,0.7749
11/28/2008,0.7879
12/1/2008,0.793
12/2/2008,0.7865
12/3/2008,0.7863
12/4/2008,0.7825
12/5/2008,0.7864
12/8/2008,0.7717
12/9/2008,0.7736
12/10/2008,0.7679
12/11/2008,0.7489
12/12/2008,0.748
12/15/2008,0.7306
12/16/2008,0.714
12/17/2008,0.6935
12/18/2008,0.7021
12/19/2008,0.7188
12/22/2008,0.7171
12/23/2008,0.718
12/24/2008,0.7136
12/25/2008,0.713
12/26/2008,0.7129
12/29/2008,0.718
12/30/2008,0.7114
12/31/2008,0.7156
1/1/2009,0.7121
1/2/2009,0.7187
1/5/2009,0.7333
1/6/2009,0.7387
1/7/2009,0.7328
1/8/2009,0.7298
1/9/2009,0.7424
1/12/2009,0.7484
1/13/2009,0.7586
1/14/2009,0.7581
1/15/2009,0.7623
1/16/2009,0.7536
1/19/2009,0.7652
1/20/2009,0.7748
1/21/2009,0.7679
1/22/2009,0.7692
1/23/2009,0.7709
1/26/2009,0.7582
1/27/2009,0.7599
1/28/2009,0.7595
1/29/2009,0.7719
1/30/2009,0.7806
2/2/2009,0.7786
2/3/2009,0.7669
2/4/2009,0.7783
2/5/2009,0.7818
2/6/2009,0.7729
2/9/2009,0.7691
2/10/2009,0.7744
2/11/2009,0.7748
2/12/2009,0.7775
2/13/2009,0.7775
2/16/2009,0.7812
2/17/2009,0.7948
2/18/2009,0.7981
2/19/2009,0.789
2/20/2009,0.7796
2/23/2009,0.7878
2/24/2009,0.7784
2/25/2009,0.786
2/26/2009,0.7847
2/27/2009,0.7893
3/2/2009,0.795
3/3/2009,0.7961
3/4/2009,0.7898
3/5/2009,0.7975
3/6/2009,0.7904
3/9/2009,0.7929
3/10/2009,0.7885
3/11/2009,0.7791
3/12/2009,0.7745
3/13/2009,0.7735
3/16/2009,0.7711
3/17/2009,0.7683
3/18/2009,0.742
3/19/2009,0.7318
3/20/2009,0.7364
3/23/2009,0.7335
3/24/2009,0.7425
3/25/2009,0.7363
3/26/2009,0.7393
3/27/2009,0.7524
3/30/2009,0.7576
3/31/2009,0.7547
4/1/2009,0.7548
4/2/2009,0.7429
4/3/2009,0.7416
4/6/2009,0.7454
4/7/2009,0.7535
4/8/2009,0.753
4/9/2009,0.7594
4/10/2009,0.7583
4/13/2009,0.7481
4/14/2009,0.7542
4/15/2009,0.756
4/16/2009,0.7584
4/17/2009,0.7667
4/20/2009,0.7739
4/21/2009,0.7725
4/22/2009,0.769
4/23/2009,0.7609
4/24/2009,0.7552
4/27/2009,0.7672
4/28/2009,0.7605
4/29/2009,0.7535
4/30/2009,0.7559
5/1/2009,0.7537
5/4/2009,0.746
5/5/2009,0.7502
5/6/2009,0.75
5/7/2009,0.7469
5/8/2009,0.7332
5/11/2009,0.7363
5/12/2009,0.7327
5/13/2009,0.7353
5/14/2009,0.7332
5/15/2009,0.7412
5/18/2009,0.7374
5/19/2009,0.7336
5/20/2009,0.7257
5/21/2009,0.7199
5/22/2009,0.7144
5/25/2009,0.7136
5/26/2009,0.7151
5/27/2009,0.7233
5/28/2009,0.7173
5/29/2009,0.7064
6/1/2009,0.7063
6/2/2009,0.6992
6/3/2009,0.7063
6/4/2009,0.7052
6/5/2009,0.7159
6/8/2009,0.7194
6/9/2009,0.711
6/10/2009,0.7151
6/11/2009,0.7088
6/12/2009,0.7135
6/15/2009,0.7245
6/16/2009,0.7227
6/17/2009,0.7172
6/18/2009,0.7194
6/19/2009,0.7175
6/22/2009,0.7211
6/23/2009,0.7104
6/24/2009,0.7179
6/25/2009,0.7149
6/26/2009,0.7115
6/29/2009,0.7102
6/30/2009,0.7126
7/1/2009,0.7071
7/2/2009,0.7141
7/3/2009,0.7154
7/6/2009,0.7151
7/7/2009,0.7182
7/8/2009,0.7203
7/9/2009,0.7133
7/10/2009,0.7175
7/13/2009,0.7154
7/14/2009,0.7159
7/15/2009,0.7089
7/16/2009,0.7068
7/17/2009,0.7091
7/20/2009,0.7027
7/21/2009,0.703
7/22/2009,0.7033
7/23/2009,0.707
7/24/2009,0.704
7/27/2009,0.7027
7/28/2009,0.7059
7/29/2009,0.7118
7/30/2009,0.7105
7/31/2009,0.7014
8/3/2009,0.6939
8/4/2009,0.6941
8/5/2009,0.6943
8/6/2009,0.6971
8/7/2009,0.7051
8/10/2009,0.7073
8/11/2009,0.7067
8/12/2009,0.7047
8/13/2009,0.6997
8/14/2009,0.7041
8/17/2009,0.7101
8/18/2009,0.7075
8/19/2009,0.7031
8/20/2009,0.7016
8/21/2009,0.6981
8/24/2009,0.6991
8/25/2009,0.6995
8/26/2009,0.7016
8/27/2009,0.6973
8/28/2009,0.6992
8/31/2009,0.6977
9/1/2009,0.703
9/2/2009,0.7011
9/3/2009,0.7017
9/4/2009,0.6994
9/7/2009,0.6978
9/8/2009,0.6906
9/9/2009,0.6869
9/10/2009,0.6858
9/11/2009,0.6863
9/14/2009,0.6841
9/15/2009,0.6822
9/16/2009,0.6798
9/17/2009,0.6784
9/18/2009,0.6798
9/21/2009,0.6811
9/22/2009,0.6761
9/23/2009,0.6787
9/24/2009,0.6818
9/25/2009,0.6808
9/28/2009,0.684
9/29/2009,0.6855
9/30/2009,0.6831
10/1/2009,0.6875
10/2/2009,0.686
10/5/2009,0.6827
10/6/2009,0.6792
10/7/2009,0.6806
10/8/2009,0.6759
10/9/2009,0.6789
10/12/2009,0.6769
10/13/2009,0.6732
10/14/2009,0.67
10/15/2009,0.669
10/16/2009,0.6709
10/19/2009,0.6682
10/20/2009,0.6691
10/21/2009,0.6659
10/22/2009,0.6652
10/23/2009,0.6663
10/26/2009,0.6722
10/27/2009,0.6755
10/28/2009,0.68
10/29/2009,0.6747
10/30/2009,0.6793
11/2/2009,0.6768
11/3/2009,0.6792
11/4/2009,0.6729
11/5/2009,0.6724
11/6/2009,0.6735
11/9/2009,0.6667
11/10/2009,0.6669
11/11/2009,0.6673
11/12/2009,0.6734
11/13/2009,0.671
11/16/2009,0.668
11/17/2009,0.6722
11/18/2009,0.6683
11/19/2009,0.67
11/20/2009,0.6729
11/23/2009,0.6684
11/24/2009,0.6681
11/25/2009,0.6608
11/26/2009,0.6658
11/27/2009,0.6672
11/30/2009,0.6665
12/1/2009,0.6631
12/2/2009,0.6647
12/3/2009,0.6643
12/4/2009,0.673
12/7/2009,0.6745
12/8/2009,0.6801
12/9/2009,0.6791
12/10/2009,0.6788
12/11/2009,0.6839
12/14/2009,0.6823
12/15/2009,0.6879
12/16/2009,0.6882
12/17/2009,0.6975
12/18/2009,0.6973
12/21/2009,0.7005
12/22/2009,0.7018
12/23/2009,0.6975
12/24/2009,0.6954
12/25/2009,0.6939
12/28/2009,0.6955
12/29/2009,0.6967
12/30/2009,0.6974
12/31/2009,0.6978
1/1/2010,0.6961
1/4/2010,0.6938
1/5/2010,0.6961
1/6/2010,0.694
1/7/2010,0.6989
1/8/2010,0.694
1/11/2010,0.689
1/12/2010,0.6903
1/13/2010,0.6892
1/14/2010,0.6897
1/15/2010,0.6951
1/18/2010,0.6952
1/19/2010,0.6999
1/20/2010,0.7089
1/21/2010,0.71
1/22/2010,0.7073
1/25/2010,0.7067
1/26/2010,0.7106
1/27/2010,0.713
1/28/2010,0.7157
1/29/2010,0.7214
2/1/2010,0.7178
2/2/2010,0.7161
2/3/2010,0.7198
2/4/2010,0.7287
2/5/2010,0.7312
2/8/2010,0.7327
2/9/2010,0.7248
2/10/2010,0.728
2/11/2010,0.7303
2/12/2010,0.7336
2/15/2010,0.7354
2/16/2010,0.7263
2/17/2010,0.7349
2/18/2010,0.7392
2/19/2010,0.7346
2/22/2010,0.7355
2/23/2010,0.7404
2/24/2010,0.7387
2/25/2010,0.7381
2/26/2010,0.7337
3/1/2010,0.7374
3/2/2010,0.7344
3/3/2010,0.7301
3/4/2010,0.7363
3/5/2010,0.734
3/8/2010,0.7335
3/9/2010,0.7352
3/10/2010,0.7322
3/11/2010,0.7309
3/12/2010,0.7264
3/15/2010,0.7312
3/16/2010,0.7264
3/17/2010,0.7279
3/18/2010,0.7349
3/19/2010,0.7391
3/22/2010,0.7375
3/23/2010,0.7408
3/24/2010,0.7511
3/25/2010,0.7535
3/26/2010,0.7457
3/29/2010,0.7417
3/30/2010,0.7455
3/31/2010,0.7402
4/1/2010,0.7359
4/2/2010,0.7405
4/5/2010,0.7416
4/6/2010,0.7463
4/7/2010,0.7494
4/8/2010,0.7485
4/9/2010,0.7408
4/12/2010,0.7358
4/13/2010,0.7346
4/14/2010,0.7324
4/15/2010,0.7368
4/16/2010,0.7406
4/19/2010,0.7413
4/20/2010,0.7444
4/21/2010,0.7469
4/22/2010,0.7522
4/23/2010,0.7473
4/26/2010,0.7472
4/27/2010,0.759
4/28/2010,0.7564
4/29/2010,0.7557
4/30/2010,0.7521
5/3/2010,0.7579
5/4/2010,0.77
5/5/2010,0.7804
5/6/2010,0.7923
5/7/2010,0.7842
5/10/2010,0.7821
5/11/2010,0.7897
5/12/2010,0.7928
5/13/2010,0.7978
5/14/2010,0.8092
5/17/2010,0.8068
5/18/2010,0.8195
5/19/2010,0.8055
5/20/2010,0.8007
5/21/2010,0.7956
5/24/2010,0.8083
5/25/2010,0.81
5/26/2010,0.8213
5/27/2010,0.809
5/28/2010,0.8148
5/31/2010,0.8126
6/1/2010,0.8177
6/2/2010,0.8164
6/3/2010,0.8222
6/4/2010,0.8356
6/7/2010,0.8387
6/8/2010,0.8352
6/9/2010,0.8348
6/10/2010,0.8248
6/11/2010,0.8256
6/14/2010,0.8183
6/15/2010,0.8108
6/16/2010,0.8123
6/17/2010,0.8072
6/18/2010,0.8073
6/21/2010,0.8122
6/22/2010,0.8149
6/23/2010,0.8123
6/24/2010,0.8108
6/25/2010,0.8082
6/28/2010,0.8145
6/29/2010,0.8205
6/30/2010,0.8172
7/1/2010,0.7983
7/2/2010,0.796
7/5/2010,0.7976
7/6/2010,0.792
7/7/2010,0.7913
7/8/2010,0.7876
7/9/2010,0.791
7/12/2010,0.7939
7/13/2010,0.7859
7/14/2010,0.7848
7/15/2010,0.7722
7/16/2010,0.7734
7/19/2010,0.7727
7/20/2010,0.7764
7/21/2010,0.7841
7/22/2010,0.7756
7/23/2010,0.7746
7/26/2010,0.7696
7/27/2010,0.7695
7/28/2010,0.7695
7/29/2010,0.7647
7/30/2010,0.7662
8/2/2010,0.7588
8/3/2010,0.7558
8/4/2010,0.7598
8/5/2010,0.7582
8/6/2010,0.753
8/9/2010,0.7563
8/10/2010,0.7589
8/11/2010,0.7774
8/12/2010,0.7795
8/13/2010,0.784
8/16/2010,0.7796
8/17/2010,0.7761
8/18/2010,0.778
8/19/2010,0.7798
8/20/2010,0.7867
8/23/2010,0.7901
8/24/2010,0.7919
8/25/2010,0.79
8/26/2010,0.7864
8/27/2010,0.7838
8/30/2010,0.7897
8/31/2010,0.7887
9/1/2010,0.7807
9/2/2010,0.7797
9/3/2010,0.7754
9/6/2010,0.7767
9/7/2010,0.7885
9/8/2010,0.7861
9/9/2010,0.7877
9/10/2010,0.7887
9/13/2010,0.7762
9/14/2010,0.7693
9/15/2010,0.7686
9/16/2010,0.7647
9/17/2010,0.7663
9/20/2010,0.7656
9/21/2010,0.7539
9/22/2010,0.746
9/23/2010,0.7511
9/24/2010,0.7412
9/27/2010,0.7432
9/28/2010,0.7361
9/29/2010,0.7339
9/30/2010,0.7334
10/1/2010,0.7251
10/4/2010,0.7307
10/5/2010,0.7226
10/6/2010,0.7179
10/7/2010,0.7181
10/8/2010,0.7175
10/11/2010,0.7207
10/12/2010,0.7182
10/13/2010,0.7163
10/14/2010,0.71
10/15/2010,0.7155
10/18/2010,0.7177
10/19/2010,0.7285
10/20/2010,0.7161
10/21/2010,0.7184
10/22/2010,0.7167
10/25/2010,0.7161
10/26/2010,0.7215
10/27/2010,0.7263
10/28/2010,0.7178
10/29/2010,0.717
11/1/2010,0.7198
11/2/2010,0.7126
11/3/2010,0.7073
11/4/2010,0.7039
11/5/2010,0.7127
11/8/2010,0.7184
11/9/2010,0.7261
11/10/2010,0.7255
11/11/2010,0.7317
11/12/2010,0.7304
11/15/2010,0.736
11/16/2010,0.7413
11/17/2010,0.7391
11/18/2010,0.733
11/19/2010,0.7314
11/22/2010,0.7338
11/23/2010,0.7481
11/24/2010,0.7499
11/25/2010,0.7485
11/26/2010,0.7552
11/29/2010,0.7618
11/30/2010,0.7702
12/1/2010,0.7611
12/2/2010,0.757
12/3/2010,0.7455
12/6/2010,0.7515
12/7/2010,0.7541
12/8/2010,0.754
12/9/2010,0.7554
12/10/2010,0.7562
12/13/2010,0.7468
12/14/2010,0.7475
12/15/2010,0.7569
12/16/2010,0.7551
12/17/2010,0.7582
12/20/2010,0.7617
12/21/2010,0.7633
12/22/2010,0.7634
12/23/2010,0.7625
12/24/2010,0.7621
12/27/2010,0.7597
12/28/2010,0.7625
12/29/2010,0.7561
12/30/2010,0.7526
12/31/2010,0.7471
1/3/2011,0.7484
1/4/2011,0.7515
1/5/2011,0.7605
1/6/2011,0.7691
1/7/2011,0.7748
1/10/2011,0.7721
1/11/2011,0.7708
1/12/2011,0.7614
1/13/2011,0.7483
1/14/2011,0.747
1/17/2011,0.7522
1/18/2011,0.747
1/19/2011,0.7422
1/20/2011,0.7422
1/21/2011,0.7341
1/24/2011,0.7332
1/25/2011,0.7309
1/26/2011,0.7293
1/27/2011,0.7281
1/28/2011,0.7347
1/31/2011,0.7302
2/1/2011,0.7231
2/2/2011,0.7241
2/3/2011,0.7335
2/4/2011,0.7362
2/7/2011,0.7362
2/8/2011,0.734
2/9/2011,0.7282
2/10/2011,0.7353
2/11/2011,0.738
2/14/2011,0.7413
2/15/2011,0.7415
2/16/2011,0.737
2/17/2011,0.7349
2/18/2011,0.7303
2/21/2011,0.7311
2/22/2011,0.7324
2/23/2011,0.7274
2/24/2011,0.7246
2/25/2011,0.7272
2/28/2011,0.7243
3/1/2011,0.7258
3/2/2011,0.7211
3/3/2011,0.7159
3/4/2011,0.7149
3/7/2011,0.716
3/8/2011,0.7192
3/9/2011,0.719
3/10/2011,0.7247
3/11/2011,0.7193
3/14/2011,0.7146
3/15/2011,0.7144
3/16/2011,0.7196
3/17/2011,0.7132
3/18/2011,0.7051
3/21/2011,0.703
3/22/2011,0.7045
3/23/2011,0.7099
3/24/2011,0.7054
3/25/2011,0.7098
3/28/2011,0.7099
3/29/2011,0.7086
3/30/2011,0.7078
3/31/2011,0.7064
4/1/2011,0.7025
4/4/2011,0.7032
4/5/2011,0.7031
4/6/2011,0.6978
4/7/2011,0.6989
4/8/2011,0.6904
4/11/2011,0.6927
4/12/2011,0.6908
4/13/2011,0.6924
4/14/2011,0.6902
4/15/2011,0.693
4/18/2011,0.7026
4/19/2011,0.6976
4/20/2011,0.6886
4/21/2011,0.6872
4/22/2011,0.6865
4/25/2011,0.6858
4/26/2011,0.6829
4/27/2011,0.6763
4/28/2011,0.6747
4/29/2011,0.6753
5/2/2011,0.6743
5/3/2011,0.6744
5/4/2011,0.6744
5/5/2011,0.6877
5/6/2011,0.6982
5/9/2011,0.6963
5/10/2011,0.6939
5/11/2011,0.7046
5/12/2011,0.702
5/13/2011,0.7084
5/16/2011,0.7064
5/17/2011,0.7024
5/18/2011,0.7019
5/19/2011,0.6987
5/20/2011,0.7063
5/23/2011,0.7118
5/24/2011,0.7092
5/25/2011,0.7099
5/26/2011,0.707
5/27/2011,0.6985
5/30/2011,0.7002
5/31/2011,0.6946
6/1/2011,0.6978
6/2/2011,0.6901
6/3/2011,0.6833
6/6/2011,0.6861
6/7/2011,0.6807
6/8/2011,0.6857
6/9/2011,0.6891
6/10/2011,0.697
6/13/2011,0.6938
6/14/2011,0.6924
6/15/2011,0.7052
6/16/2011,0.7036
6/17/2011,0.699
6/20/2011,0.6991
6/21/2011,0.6939
6/22/2011,0.6966
6/23/2011,0.7014
6/24/2011,0.7047
6/27/2011,0.7
6/28/2011,0.6959
6/29/2011,0.6928
6/30/2011,0.6896
7/1/2011,0.6883
7/4/2011,0.6877
7/5/2011,0.693
7/6/2011,0.6983
7/7/2011,0.6964
7/8/2011,0.7011
7/11/2011,0.7127
7/12/2011,0.7156
7/13/2011,0.7063
7/14/2011,0.707
7/15/2011,0.7066
7/18/2011,0.7085
7/19/2011,0.7067
7/20/2011,0.7034
7/21/2011,0.6933
7/22/2011,0.6965
7/25/2011,0.6956
7/26/2011,0.6892
7/27/2011,0.696
7/28/2011,0.6978
7/29/2011,0.6945
8/1/2011,0.7018
8/2/2011,0.7043
8/3/2011,0.6982
8/4/2011,0.7095
8/5/2011,0.7003
8/8/2011,0.7053
8/9/2011,0.6956
8/10/2011,0.7053
8/11/2011,0.7023
8/12/2011,0.7018
8/15/2011,0.6923
8/16/2011,0.6941
8/17/2011,0.6931
8/18/2011,0.6977
8/19/2011,0.6948
8/22/2011,0.6964
8/23/2011,0.6925
8/24/2011,0.6938
8/25/2011,0.6954
8/26/2011,0.6897
8/29/2011,0.6891
8/30/2011,0.6924
8/31/2011,0.6957
9/1/2011,0.7012
9/2/2011,0.7039
9/5/2011,0.7094
9/6/2011,0.7144
9/7/2011,0.7093
9/8/2011,0.7205
9/9/2011,0.7323
9/12/2011,0.731
9/13/2011,0.7311
9/14/2011,0.7271
9/15/2011,0.7207
9/16/2011,0.7246
9/19/2011,0.7306
9/20/2011,0.7299
9/21/2011,0.7368
9/22/2011,0.7427
9/23/2011,0.7407
9/26/2011,0.7389
9/27/2011,0.7358
9/28/2011,0.7383
9/29/2011,0.7355
9/30/2011,0.7468
10/3/2011,0.759
10/4/2011,0.7488
10/5/2011,0.7492
10/6/2011,0.7442
10/7/2011,0.7475
10/10/2011,0.733
10/11/2011,0.7332
10/12/2011,0.7251
10/13/2011,0.7259
10/14/2011,0.7204
10/17/2011,0.7279
10/18/2011,0.7272
10/19/2011,0.7267
10/20/2011,0.7257
10/21/2011,0.7196
10/24/2011,0.7179
10/25/2011,0.719
10/26/2011,0.7191
10/27/2011,0.7048
10/28/2011,0.7064
10/31/2011,0.7216
11/1/2011,0.7299
11/2/2011,0.7274
11/3/2011,0.7234
11/4/2011,0.7249
11/7/2011,0.7259
11/8/2011,0.7229
11/9/2011,0.7385
11/10/2011,0.7348
11/11/2011,0.7275
11/14/2011,0.7335
11/15/2011,0.7387
11/16/2011,0.7426
11/17/2011,0.743
11/18/2011,0.7396
11/21/2011,0.7413
11/22/2011,0.7404
11/23/2011,0.7495
11/24/2011,0.7493
11/25/2011,0.7552
11/28/2011,0.7508
11/29/2011,0.751
11/30/2011,0.7438
12/1/2011,0.7428
12/2/2011,0.7466
12/5/2011,0.7462
12/6/2011,0.7462
12/7/2011,0.7456
12/8/2011,0.7496
12/9/2011,0.747
12/12/2011,0.7583
12/13/2011,0.7671
12/14/2011,0.7703
12/15/2011,0.7682
12/16/2011,0.7666
12/19/2011,0.7693
12/20/2011,0.7644
12/21/2011,0.7664
12/22/2011,0.7664
12/23/2011,0.7664
12/26/2011,0.7657
12/27/2011,0.7651
12/28/2011,0.7728
12/29/2011,0.7715
12/30/2011,0.7714
1/2/2012,0.7732
1/3/2012,0.7662
1/4/2012,0.7725
1/5/2012,0.7819
1/6/2012,0.7862
1/9/2012,0.7834
1/10/2012,0.7826
1/11/2012,0.787
1/12/2012,0.7803
1/13/2012,0.7888
1/16/2012,0.7895
1/17/2012,0.7852
1/18/2012,0.7774
1/19/2012,0.7711
1/20/2012,0.7732
1/23/2012,0.7682
1/24/2012,0.7671
1/25/2012,0.763
1/26/2012,0.7629
1/27/2012,0.7563
1/30/2012,0.7608
1/31/2012,0.7643
2/1/2012,0.7598
2/2/2012,0.7608
2/3/2012,0.76
2/6/2012,0.7615
2/7/2012,0.7541
2/8/2012,0.7541
2/9/2012,0.7527
2/10/2012,0.7577
2/13/2012,0.7584
2/14/2012,0.7615
2/15/2012,0.7653
2/16/2012,0.7615
2/17/2012,0.7609
2/20/2012,0.7552
2/21/2012,0.7555
2/22/2012,0.7546
2/23/2012,0.7479
2/24/2012,0.7435
2/27/2012,0.7464
2/28/2012,0.7427
2/29/2012,0.7505
3/1/2012,0.7512
3/2/2012,0.7575
3/5/2012,0.7566
3/6/2012,0.7626
3/7/2012,0.7604
3/8/2012,0.7533
3/9/2012,0.7621
3/12/2012,0.76
3/13/2012,0.7644
3/14/2012,0.7673
3/15/2012,0.7645
3/16/2012,0.759
3/19/2012,0.7554
3/20/2012,0.7562
3/21/2012,0.7566
3/22/2012,0.7575
3/23/2012,0.7537
3/26/2012,0.7485
3/27/2012,0.7509
3/28/2012,0.751
3/29/2012,0.7517
3/30/2012,0.7495
4/2/2012,0.7508
4/3/2012,0.7557
4/4/2012,0.7609
4/5/2012,0.7654
4/6/2012,0.7637
4/9/2012,0.763
4/10/2012,0.7644
4/11/2012,0.7629
4/12/2012,0.7584
4/13/2012,0.7646
4/16/2012,0.761
4/17/2012,0.7618
4/18/2012,0.762
4/19/2012,0.7612
4/20/2012,0.7562
4/23/2012,0.7601
4/24/2012,0.7577
4/25/2012,0.7566
4/26/2012,0.7562
4/27/2012,0.7544
4/30/2012,0.7554
5/1/2012,0.7554
5/2/2012,0.7599
5/3/2012,0.7603
5/4/2012,0.7643
5/7/2012,0.7662
5/8/2012,0.7688
5/9/2012,0.7735
5/10/2012,0.7731
5/11/2012,0.7741
5/14/2012,0.7798
5/15/2012,0.7856
5/16/2012,0.7864
5/17/2012,0.7875
5/18/2012,0.7822
5/21/2012,0.7801
5/22/2012,0.7884
5/23/2012,0.7948
5/24/2012,0.7979
5/25/2012,0.7989
5/28/2012,0.7973
5/29/2012,0.7998
5/30/2012,0.8086
5/31/2012,0.8087
6/1/2012,0.8043
6/4/2012,0.8
6/5/2012,0.8031
6/6/2012,0.7948
6/7/2012,0.7961
6/8/2012,0.799
6/11/2012,0.8012
6/12/2012,0.7998
6/13/2012,0.7963
6/14/2012,0.7916
6/15/2012,0.7914
6/18/2012,0.7952
6/19/2012,0.7882
6/20/2012,0.7872
6/21/2012,0.7974
6/22/2012,0.7955
6/25/2012,0.7998
6/26/2012,0.8002
6/27/2012,0.802
6/28/2012,0.8036
6/29/2012,0.7899
7/2/2012,0.7952
7/3/2012,0.7931
7/4/2012,0.7984
7/5/2012,0.807
7/6/2012,0.8139
7/9/2012,0.8122
7/10/2012,0.8163
7/11/2012,0.8171
7/12/2012,0.8194
7/13/2012,0.8163
7/16/2012,0.8149
7/17/2012,0.8133
7/18/2012,0.8141
7/19/2012,0.8144
7/20/2012,0.8224
7/23/2012,0.8254
7/24/2012,0.829
7/25/2012,0.8226
7/26/2012,0.8142
7/27/2012,0.8117
7/30/2012,0.8156
7/31/2012,0.8128
8/1/2012,0.8178
8/2/2012,0.821
8/3/2012,0.8072
8/6/2012,0.8064
8/7/2012,0.8065
8/8/2012,0.8087
8/9/2012,0.8126
8/10/2012,0.8136
8/13/2012,0.8109
8/14/2012,0.8116
8/15/2012,0.8138
8/16/2012,0.8092
8/17/2012,0.8108
8/20/2012,0.81
8/21/2012,0.8018
8/22/2012,0.7982
8/23/2012,0.7959
8/24/2012,0.7992
8/27/2012,0.8001
8/28/2012,0.7958
8/29/2012,0.7981
8/30/2012,0.7996
8/31/2012,0.7952
9/3/2012,0.7941
9/4/2012,0.7958
9/5/2012,0.7937
9/6/2012,0.7917
9/7/2012,0.7802
9/10/2012,0.7837
9/11/2012,0.7779
9/12/2012,0.7752
9/13/2012,0.7699
9/14/2012,0.7616
9/17/2012,0.7624
9/18/2012,0.7664
9/19/2012,0.7663
9/20/2012,0.7711
9/21/2012,0.7704
9/24/2012,0.7734
9/25/2012,0.7752
9/26/2012,0.777
9/27/2012,0.7745
9/28/2012,0.7777
10/1/2012,0.7759
10/2/2012,0.774
10/3/2012,0.7749
10/4/2012,0.7681
10/5/2012,0.7673
10/8/2012,0.7711
10/9/2012,0.7762
10/10/2012,0.7767
10/11/2012,0.7735
10/12/2012,0.772
10/15/2012,0.7723
10/16/2012,0.766
10/17/2012,0.7623
10/18/2012,0.7653
10/19/2012,0.768
10/22/2012,0.7657
10/23/2012,0.7701
10/24/2012,0.7708
10/25/2012,0.7731
10/26/2012,0.7726
10/29/2012,0.775
10/30/2012,0.7716
10/31/2012,0.7719
11/1/2012,0.7726
11/2/2012,0.7789
11/5/2012,0.7815
11/6/2012,0.7804
11/7/2012,0.783
11/8/2012,0.7844
11/9/2012,0.787
11/12/2012,0.7867
11/13/2012,0.7871
11/14/2012,0.7852
11/15/2012,0.7823
11/16/2012,0.7847
11/19/2012,0.7805
11/20/2012,0.7802
11/21/2012,0.7794
11/22/2012,0.7761
11/23/2012,0.7708
11/26/2012,0.7708
11/27/2012,0.7727
11/28/2012,0.772
11/29/2012,0.7705
11/30/2012,0.7699
12/3/2012,0.7661
12/4/2012,0.7636
12/5/2012,0.7653
12/6/2012,0.7712
12/7/2012,0.7735
12/10/2012,0.7727
12/11/2012,0.7689
12/12/2012,0.7649
12/13/2012,0.7647
12/14/2012,0.7598
12/17/2012,0.7597
12/18/2012,0.7559
12/19/2012,0.756
12/20/2012,0.755
12/21/2012,0.7582
12/24/2012,0.7583
12/25/2012,0.7585
12/26/2012,0.7562
12/27/2012,0.7554
12/28/2012,0.7566
12/31/2012,0.758
1/1/2013,0.7575
1/2/2013,0.7584
1/3/2013,0.7664
1/4/2013,0.7652
1/7/2013,0.7624
1/8/2013,0.7645
1/9/2013,0.7655
1/10/2013,0.7535
1/11/2013,0.7495
1/14/2013,0.7474
1/15/2013,0.7516
1/16/2013,0.7525
1/17/2013,0.7475
1/18/2013,0.7509
1/21/2013,0.7511
1/22/2013,0.7508
1/23/2013,0.7509
1/24/2013,0.7475
1/25/2013,0.7428
1/28/2013,0.7432
1/29/2013,0.7412
1/30/2013,0.7371
1/31/2013,0.7365
2/1/2013,0.7332
2/4/2013,0.7401
2/5/2013,0.7362
2/6/2013,0.7394
2/7/2013,0.7463
2/8/2013,0.7482
2/11/2013,0.746
2/12/2013,0.7433
2/13/2013,0.7434
2/14/2013,0.7484
2/15/2013,0.7483
2/18/2013,0.749
2/19/2013,0.7469
2/20/2013,0.7528
2/21/2013,0.7582
2/22/2013,0.7581
2/25/2013,0.7656
2/26/2013,0.7656
2/27/2013,0.7613
2/28/2013,0.7657
3/1/2013,0.7679
3/4/2013,0.7677
3/5/2013,0.7662
3/6/2013,0.7713
3/7/2013,0.763
3/8/2013,0.769
3/11/2013,0.7665
3/12/2013,0.7673
3/13/2013,0.7715
3/14/2013,0.769
3/15/2013,0.7647
3/18/2013,0.7718
3/19/2013,0.7762
3/20/2013,0.7732
3/21/2013,0.7752
3/22/2013,0.7698
3/25/2013,0.778
3/26/2013,0.7775
3/27/2013,0.7825
3/28/2013,0.7802
3/29/2013,0.7802
4/1/2013,0.7783
4/2/2013,0.7801
4/3/2013,0.7782
4/4/2013,0.7731
4/5/2013,0.7695
4/8/2013,0.7687
4/9/2013,0.7644
4/10/2013,0.7651
4/11/2013,0.7632
4/12/2013,0.7625
4/15/2013,0.7672
4/16/2013,0.7589
4/17/2013,0.7674
4/18/2013,0.7662
4/19/2013,0.7661
4/22/2013,0.7653
4/23/2013,0.7692
4/24/2013,0.7684
4/25/2013,0.7686
4/26/2013,0.7675
4/29/2013,0.7634
4/30/2013,0.7594
5/1/2013,0.7587
5/2/2013,0.7654
5/3/2013,0.7624
5/6/2013,0.7648
5/7/2013,0.7646
5/8/2013,0.7603
5/9/2013,0.7667
5/10/2013,0.7698
5/13/2013,0.7707
5/14/2013,0.774
5/15/2013,0.776
5/16/2013,0.7763
5/17/2013,0.779
5/20/2013,0.7763
5/21/2013,0.7748
5/22/2013,0.7777
5/23/2013,0.7731
5/24/2013,0.7732
5/27/2013,0.7734
5/28/2013,0.7778
5/29/2013,0.7728
5/30/2013,0.7663
5/31/2013,0.7694
6/3/2013,0.7648
6/4/2013,0.7646
6/5/2013,0.7637
6/6/2013,0.7549
6/7/2013,0.7566
6/10/2013,0.7543
6/11/2013,0.751
6/12/2013,0.7498
6/13/2013,0.7476
6/14/2013,0.7493
6/17/2013,0.7481
6/18/2013,0.7466
6/19/2013,0.7521
6/20/2013,0.7564
6/21/2013,0.7621
6/24/2013,0.7622
6/25/2013,0.7644
6/26/2013,0.7685
6/27/2013,0.767
6/28/2013,0.7687
7/1/2013,0.7655
7/2/2013,0.7705
7/3/2013,0.7686
7/4/2013,0.7743
7/5/2013,0.7794
7/8/2013,0.777
7/9/2013,0.7824
7/10/2013,0.7708
7/11/2013,0.7636
7/12/2013,0.7653
7/15/2013,0.7655
7/16/2013,0.7598
7/17/2013,0.7619
7/18/2013,0.7628
7/19/2013,0.7609
7/22/2013,0.7584
7/23/2013,0.7563
7/24/2013,0.7575
7/25/2013,0.7532
7/26/2013,0.753
7/29/2013,0.7541
7/30/2013,0.754
7/31/2013,0.7517
8/1/2013,0.7571
8/2/2013,0.7529
8/5/2013,0.7542
8/6/2013,0.7516
8/7/2013,0.7498
8/8/2013,0.7473
8/9/2013,0.7495
8/12/2013,0.7519
8/13/2013,0.754
8/14/2013,0.7544
8/15/2013,0.7494
8/16/2013,0.7503
8/19/2013,0.7499
8/20/2013,0.7454
8/21/2013,0.7487
8/22/2013,0.7487
8/23/2013,0.7473
8/26/2013,0.748
8/27/2013,0.7467
8/28/2013,0.7497
8/29/2013,0.7552
8/30/2013,0.7564
9/2/2013,0.758
9/3/2013,0.7593
9/4/2013,0.7572
9/5/2013,0.7622
9/6/2013,0.7589
9/9/2013,0.7544
9/10/2013,0.7537
9/11/2013,0.7512
9/12/2013,0.752
9/13/2013,0.7521
9/16/2013,0.75
9/17/2013,0.7485
9/18/2013,0.7395
9/19/2013,0.7391
9/20/2013,0.7395
9/23/2013,0.7411
9/24/2013,0.7422
9/25/2013,0.7393
9/26/2013,0.7414
9/27/2013,0.7396
9/30/2013,0.7393
10/1/2013,0.7393
10/2/2013,0.7365
10/3/2013,0.7343
10/4/2013,0.7378
10/7/2013,0.7363
10/8/2013,0.7367
10/9/2013,0.7395
10/10/2013,0.7396
10/11/2013,0.7384
10/14/2013,0.7375
10/15/2013,0.7394
10/16/2013,0.7389
10/17/2013,0.7313
10/18/2013,0.7309
10/21/2013,0.731
10/22/2013,0.7256
10/23/2013,0.7259
10/24/2013,0.7246
10/25/2013,0.7245
10/28/2013,0.7254
10/29/2013,0.7275
10/30/2013,0.728
10/31/2013,0.7362
11/1/2013,0.7414
11/4/2013,0.74
11/5/2013,0.7421
11/6/2013,0.74
11/7/2013,0.7452
11/8/2013,0.7481
11/11/2013,0.7459
11/12/2013,0.7442
11/13/2013,0.7415
11/14/2013,0.743
11/15/2013,0.741
11/18/2013,0.7404
11/19/2013,0.7386
11/20/2013,0.7441
11/21/2013,0.7418
11/22/2013,0.7377
11/25/2013,0.7398
11/26/2013,0.7367
11/27/2013,0.7364
11/28/2013,0.735
11/29/2013,0.7358
12/2/2013,0.7385
12/3/2013,0.7359
12/4/2013,0.7356
12/5/2013,0.7317
12/6/2013,0.7295
12/9/2013,0.7278
12/10/2013,0.7267
12/11/2013,0.7254
12/12/2013,0.7272
12/13/2013,0.7277
12/16/2013,0.7267
12/17/2013,0.7263
12/18/2013,0.7308
12/19/2013,0.732
12/20/2013,0.7314
12/23/2013,0.7302
12/24/2013,0.731
12/25/2013,0.731
12/26/2013,0.7304
12/27/2013,0.7276
12/30/2013,0.7245
12/31/2013,0.7277
1/1/2014,0.7268
1/2/2014,0.7314
1/3/2014,0.7361
1/6/2014,0.7338
1/7/2014,0.7345
1/8/2014,0.7366
1/9/2014,0.7349
1/10/2014,0.7315
1/13/2014,0.7314
1/14/2014,0.731
1/15/2014,0.735
1/16/2014,0.7342
1/17/2014,0.7385
1/20/2014,0.7379
1/21/2014,0.7374
1/22/2014,0.7383
1/23/2014,0.7301
1/24/2014,0.7312
1/27/2014,0.7313
1/28/2014,0.7316
1/29/2014,0.7319
1/30/2014,0.7378
1/31/2014,0.7415
2/3/2014,0.7393
2/4/2014,0.7397
2/5/2014,0.7389
2/6/2014,0.7358
2/7/2014,0.7335
2/10/2014,0.7328
2/11/2014,0.7332
2/12/2014,0.7357
2/13/2014,0.731
2/14/2014,0.7303
2/17/2014,0.7295
2/18/2014,0.7268
2/19/2014,0.7281
2/20/2014,0.7289
2/21/2014,0.7278
2/24/2014,0.728
2/25/2014,0.7275
2/26/2014,0.7306
2/27/2014,0.7294
2/28/2014,0.7246
3/3/2014,0.7281
3/4/2014,0.7277
3/5/2014,0.7281
3/6/2014,0.7215
3/7/2014,0.7206
3/10/2014,0.7206
3/11/2014,0.7215
3/12/2014,0.7192
3/13/2014,0.721
3/14/2014,0.7189
3/17/2014,0.7183
3/18/2014,0.7177
3/19/2014,0.7229
3/20/2014,0.7258
3/21/2014,0.725
3/24/2014,0.7226
3/25/2014,0.7233
3/26/2014,0.7255
3/27/2014,0.7278
3/28/2014,0.7272
3/31/2014,0.7263
4/1/2014,0.725
4/2/2014,0.7264
4/3/2014,0.7289
4/4/2014,0.7298
4/7/2014,0.7277
4/8/2014,0.7248
4/9/2014,0.7219
4/10/2014,0.7201
4/11/2014,0.7202
4/14/2014,0.7235
4/15/2014,0.7239
4/16/2014,0.7238
4/17/2014,0.7239
4/18/2014,0.7239
4/21/2014,0.7249
4/22/2014,0.7244
4/23/2014,0.7236
4/24/2014,0.723
4/25/2014,0.7228
4/28/2014,0.7219
4/29/2014,0.724
4/30/2014,0.7211
5/1/2014,0.721
5/2/2014,0.7208
5/5/2014,0.7208
5/6/2014,0.718
5/7/2014,0.7189
5/8/2014,0.7226
5/9/2014,0.7267
5/12/2014,0.7269
5/13/2014,0.7297
5/14/2014,0.7292
5/15/2014,0.7292
5/16/2014,0.7303
5/19/2014,0.7294
5/20/2014,0.7298
5/21/2014,0.7307
5/22/2014,0.7323
5/23/2014,0.7338
5/26/2014,0.7327
5/27/2014,0.7336
5/28/2014,0.7358
5/29/2014,0.7353
5/30/2014,0.7335
6/2/2014,0.7355
6/3/2014,0.7338
6/4/2014,0.7354
6/5/2014,0.7321
6/6/2014,0.7328
6/9/2014,0.7356
6/10/2014,0.7382
6/11/2014,0.7391
6/12/2014,0.7378
6/13/2014,0.7385
6/16/2014,0.7367
6/17/2014,0.7382
6/18/2014,0.7355
6/19/2014,0.7349
6/20/2014,0.7354
6/23/2014,0.7351
6/24/2014,0.7349
6/25/2014,0.7338
6/26/2014,0.7347
6/27/2014,0.7326
6/30/2014,0.7305
7/1/2014,0.7311
7/2/2014,0.7321
7/3/2014,0.7347
7/4/2014,0.7356
7/7/2014,0.7351
7/8/2014,0.7347
7/9/2014,0.7332
7/10/2014,0.7348
7/11/2014,0.7349
7/14/2014,0.7343
7/15/2014,0.7367
7/16/2014,0.7394
7/17/2014,0.7393
7/18/2014,0.7395
7/21/2014,0.7394
7/22/2014,0.7428
7/23/2014,0.7427
7/24/2014,0.7426
7/25/2014,0.7446
7/28/2014,0.7441
7/29/2014,0.7458
7/30/2014,0.7467
7/31/2014,0.7466
8/1/2014,0.7448
8/4/2014,0.7451
8/5/2014,0.7476
8/6/2014,0.7473
8/7/2014,0.7483
8/8/2014,0.7456
8/11/2014,0.7471
8/12/2014,0.748
8/13/2014,0.7483
8/14/2014,0.7482
8/15/2014,0.7463
8/18/2014,0.7483
8/19/2014,0.7508
8/20/2014,0.7542
8/21/2014,0.753
8/22/2014,0.7552
8/25/2014,0.758
8/26/2014,0.7595
8/27/2014,0.758
8/28/2014,0.7586
8/29/2014,0.7615
9/1/2014,0.7617
9/2/2014,0.7614
9/3/2014,0.7605
9/4/2014,0.7726
9/5/2014,0.7721
9/8/2014,0.7755
9/9/2014,0.7729
9/10/2014,0.7742
9/11/2014,0.7737
9/12/2014,0.7715
9/15/2014,0.7728
9/16/2014,0.7717
9/17/2014,0.7773
9/18/2014,0.7739
9/19/2014,0.7794
9/22/2014,0.7783
9/23/2014,0.7785
9/24/2014,0.7825
9/25/2014,0.7844
9/26/2014,0.7884
9/29/2014,0.7882
9/30/2014,0.7917
10/1/2014,0.7922
10/2/2014,0.7894
10/3/2014,0.7991
10/6/2014,0.7904
10/7/2014,0.7891
10/8/2014,0.7853
10/9/2014,0.788
10/10/2014,0.7919
10/13/2014,0.7841
10/14/2014,0.79
10/15/2014,0.7789
10/16/2014,0.7807
10/17/2014,0.7839
10/20/2014,0.7813
10/21/2014,0.7864
10/22/2014,0.7908
10/23/2014,0.7906
10/24/2014,0.7893
10/27/2014,0.7875
10/28/2014,0.7854
10/29/2014,0.7917
10/30/2014,0.7929
10/31/2014,0.7983
11/3/2014,0.8012
11/4/2014,0.797
11/5/2014,0.8009
11/6/2014,0.8081
11/7/2014,0.8029
11/10/2014,0.8051
11/11/2014,0.8017
11/12/2014,0.804
11/13/2014,0.8016
11/14/2014,0.7984
11/17/2014,0.8032
11/18/2014,0.7977
11/19/2014,0.7966
11/20/2014,0.7975
11/21/2014,0.8071
11/24/2014,0.8038
11/25/2014,0.8017
11/26/2014,0.7996
11/27/2014,0.8021
11/28/2014,0.8033
12/1/2014,0.8019
12/2/2014,0.8076
12/3/2014,0.8123
12/4/2014,0.8077
12/5/2014,0.8141
12/8/2014,0.8119
12/9/2014,0.8081
12/10/2014,0.8034
12/11/2014,0.8057
12/12/2014,0.8025
12/15/2014,0.804
12/16/2014,0.7994
12/17/2014,0.8102
12/18/2014,0.8139
12/19/2014,0.8178
12/22/2014,0.8175
12/23/2014,0.8216
12/24/2014,0.8199
12/25/2014,0.8181
12/26/2014,0.821
12/29/2014,0.8227
12/30/2014,0.8227
12/31/2014,0.8266
1/1/2015,0.8262
1/2/2015,0.8332
1/5/2015,0.838
1/6/2015,0.841
1/7/2015,0.8446
1/8/2015,0.8478
1/9/2015,0.8444
1/12/2015,0.8451
1/13/2015,0.8494
1/14/2015,0.8482
1/15/2015,0.8597
1/16/2015,0.8649
1/19/2015,0.8616
1/20/2015,0.8659
1/21/2015,0.8613
1/22/2015,0.88
1/23/2015,0.8923
1/26/2015,0.8896
1/27/2015,0.8787
1/28/2015,0.886
1/29/2015,0.8834
1/30/2015,0.8861
2/2/2015,0.8819
2/3/2015,0.871
2/4/2015,0.882
2/5/2015,0.8713
2/6/2015,0.8838
2/9/2015,0.8832
2/10/2015,0.8833
2/11/2015,0.8823
2/12/2015,0.8769
2/13/2015,0.8778
2/16/2015,0.8807
2/17/2015,0.8763
2/18/2015,0.8774
2/19/2015,0.8797
2/20/2015,0.8787
2/23/2015,0.8823
2/24/2015,0.8818
2/25/2015,0.8802
2/26/2015,0.893
2/27/2015,0.8931
3/2/2015,0.8942
3/3/2015,0.8948
3/4/2015,0.9026
3/5/2015,0.9068
3/6/2015,0.9223
3/9/2015,0.9215
3/10/2015,0.9348
3/11/2015,0.9481
3/12/2015,0.9403
3/13/2015,0.9527
3/16/2015,0.9462
3/17/2015,0.9436
3/18/2015,0.92
3/19/2015,0.9382
3/20/2015,0.9242
3/23/2015,0.9136
3/24/2015,0.9154
3/25/2015,0.9116
3/26/2015,0.9188
3/27/2015,0.9183
3/30/2015,0.9229
3/31/2015,0.9318
4/1/2015,0.9291
4/2/2015,0.9191
4/3/2015,0.9114
4/6/2015,0.9156
4/7/2015,0.9246
4/8/2015,0.9276
4/9/2015,0.9381
4/10/2015,0.9432
4/13/2015,0.9463
4/14/2015,0.9385
4/15/2015,0.9359
4/16/2015,0.9293
4/17/2015,0.9254
4/20/2015,0.9313
4/21/2015,0.9315
4/22/2015,0.9324
4/23/2015,0.9239
4/24/2015,0.9195
4/27/2015,0.9184
4/28/2015,0.9106
4/29/2015,0.8986
4/30/2015,0.8911
5/1/2015,0.893
5/4/2015,0.8971
5/5/2015,0.894
5/6/2015,0.8813
5/7/2015,0.8876
5/8/2015,0.8921
5/11/2015,0.8964
5/12/2015,0.8918
5/13/2015,0.8807
5/14/2015,0.8764
5/15/2015,0.8735
5/18/2015,0.8838
5/19/2015,0.8969
5/20/2015,0.9014
5/21/2015,0.8999
5/22/2015,0.908
5/25/2015,0.911
5/26/2015,0.9198
5/27/2015,0.9171
5/28/2015,0.9134
5/29/2015,0.9098
6/1/2015,0.9152
6/2/2015,0.8968
6/3/2015,0.8869
6/4/2015,0.8898
6/5/2015,0.8998
6/8/2015,0.8856
6/9/2015,0.8864
6/10/2015,0.883
6/11/2015,0.8883
6/12/2015,0.8873
6/15/2015,0.8862
6/16/2015,0.889
6/17/2015,0.882
6/18/2015,0.8802
6/19/2015,0.8809
6/22/2015,0.8818
6/23/2015,0.8955
6/24/2015,0.8924
6/25/2015,0.8924
6/26/2015,0.8951
6/29/2015,0.89
6/30/2015,0.8979
7/1/2015,0.9047
7/2/2015,0.9022
7/3/2015,0.9005
7/6/2015,0.9045
7/7/2015,0.9081
7/8/2015,0.9028
7/9/2015,0.9061
7/10/2015,0.8962
7/13/2015,0.909
7/14/2015,0.9084
7/15/2015,0.9134
7/16/2015,0.9196
7/17/2015,0.9234
7/20/2015,0.9238
7/21/2015,0.9143
7/22/2015,0.915
7/23/2015,0.9106
7/24/2015,0.9106
7/27/2015,0.9018
7/28/2015,0.9041
7/29/2015,0.9104
7/30/2015,0.9147
7/31/2015,0.9104
8/3/2015,0.9132
8/4/2015,0.919
8/5/2015,0.9169
8/6/2015,0.9153
8/7/2015,0.9118
8/10/2015,0.9075
8/11/2015,0.9056
8/12/2015,0.8961
8/13/2015,0.8968
8/14/2015,0.9002
8/17/2015,0.9027
8/18/2015,0.907
8/19/2015,0.8992
8/20/2015,0.8896
8/21/2015,0.8782
8/24/2015,0.8606
8/25/2015,0.8683
8/26/2015,0.8838
8/27/2015,0.8893
8/28/2015,0.8941
8/31/2015,0.892
9/1/2015,0.8838
9/2/2015,0.8907
9/3/2015,0.899
9/4/2015,0.8969
9/7/2015,0.8952
9/8/2015,0.8927
9/9/2015,0.8923
9/10/2015,0.8865
9/11/2015,0.882
9/14/2015,0.8837
9/15/2015,0.8874
9/16/2015,0.8856
9/17/2015,0.8745
9/18/2015,0.8849
9/21/2015,0.8937
9/22/2015,0.8993
9/23/2015,0.894
9/24/2015,0.8903
9/25/2015,0.893
9/28/2015,0.8894
9/29/2015,0.889
9/30/2015,0.8947
10/1/2015,0.8933
10/2/2015,0.8919
10/5/2015,0.8938
10/6/2015,0.8872
10/7/2015,0.8899
10/8/2015,0.8869
10/9/2015,0.8804
10/12/2015,0.8804
10/13/2015,0.8788
10/14/2015,0.8716
10/15/2015,0.8784
10/16/2015,0.8813
10/19/2015,0.8827
10/20/2015,0.8814
10/21/2015,0.8819
10/22/2015,0.9002
10/23/2015,0.9076
10/26/2015,0.9043
10/27/2015,0.9054
10/28/2015,0.9154
10/29/2015,0.911
10/30/2015,0.9086
11/2/2015,0.9078
11/3/2015,0.912
11/4/2015,0.9203
11/5/2015,0.9188
11/6/2015,0.9311
11/9/2015,0.9302
11/10/2015,0.9324
11/11/2015,0.9308
11/12/2015,0.9248
11/13/2015,0.9282
11/16/2015,0.9358
11/17/2015,0.9396
11/18/2015,0.9381
11/19/2015,0.9316
11/20/2015,0.9393
11/23/2015,0.9402
11/24/2015,0.9396
11/25/2015,0.9412
11/26/2015,0.9425
11/27/2015,0.9439
11/30/2015,0.9466
12/1/2015,0.9405
12/2/2015,0.9421
12/3/2015,0.9142
12/4/2015,0.919
12/7/2015,0.9227
12/8/2015,0.9181
12/9/2015,0.907
12/10/2015,0.914
12/11/2015,0.9097
12/14/2015,0.9095
12/15/2015,0.9148
12/16/2015,0.9164
12/17/2015,0.9237
12/18/2015,0.9202
12/21/2015,0.9162
12/22/2015,0.9126
12/23/2015,0.9164
12/24/2015,0.9121
12/25/2015,0.9125
12/28/2015,0.9117
12/29/2015,0.9158
12/30/2015,0.9148
12/31/2015,0.921
1/1/2016,0.9211
1/4/2016,0.9232
1/5/2016,0.9304
1/6/2016,0.9276
1/7/2016,0.9148
1/8/2016,0.9153
1/11/2016,0.9209
1/12/2016,0.921
1/13/2016,0.9194
1/14/2016,0.9203
1/15/2016,0.9163
1/18/2016,0.9181
1/19/2016,0.9168
1/20/2016,0.9182
1/21/2016,0.9196
1/22/2016,0.9261
1/25/2016,0.9217
1/26/2016,0.92
1/27/2016,0.918
1/28/2016,0.9141
1/29/2016,0.9233
2/1/2016,0.9184
2/2/2016,0.9158
2/3/2016,0.9006
2/4/2016,0.8922
2/5/2016,0.8962
2/8/2016,0.8934
2/9/2016,0.8854
2/10/2016,0.8855
2/11/2016,0.8832
2/12/2016,0.8884
2/15/2016,0.8964
2/16/2016,0.8973
2/17/2016,0.8987
2/18/2016,0.9003
2/19/2016,0.8985
2/22/2016,0.9067
2/23/2016,0.9075
2/24/2016,0.908
2/25/2016,0.9076
2/26/2016,0.9148
2/29/2016,0.9197
3/1/2016,0.9201
3/2/2016,0.9201
3/3/2016,0.9127
3/4/2016,0.9086
3/7/2016,0.908
3/8/2016,0.9082
3/9/2016,0.9091
3/10/2016,0.8945
3/11/2016,0.897
3/14/2016,0.9007
3/15/2016,0.9002
3/16/2016,0.8909
3/17/2016,0.8835
3/18/2016,0.8873
3/21/2016,0.8896
3/22/2016,0.8915
3/23/2016,0.8944
3/24/2016,0.8949
3/25/2016,0.8955
3/28/2016,0.8933
3/29/2016,0.8856
3/30/2016,0.882
3/31/2016,0.8787
4/1/2016,0.8779
4/4/2016,0.878
4/5/2016,0.8784
4/6/2016,0.8773
4/7/2016,0.8789
4/8/2016,0.8774
4/11/2016,0.8764
4/12/2016,0.8783
4/13/2016,0.887
4/14/2016,0.8875
4/15/2016,0.8862
4/18/2016,0.8839
4/19/2016,0.8804
4/20/2016,0.8852
4/21/2016,0.886
4/22/2016,0.8909
4/25/2016,0.8873
4/26/2016,0.8852
4/27/2016,0.8832
4/28/2016,0.8809
4/29/2016,0.8733
5/2/2016,0.867
5/3/2016,0.8698
5/4/2016,0.8705
5/5/2016,0.8768
5/6/2016,0.8769
5/9/2016,0.8786
5/10/2016,0.8793
5/11/2016,0.8752
5/12/2016,0.879
5/13/2016,0.8844
5/16/2016,0.8834
5/17/2016,0.8839
5/18/2016,0.8915
5/19/2016,0.8926
5/20/2016,0.891
5/23/2016,0.8913
5/24/2016,0.8976
5/25/2016,0.8965
5/26/2016,0.8934
5/27/2016,0.8997
5/30/2016,0.8978
5/31/2016,0.8983
6/1/2016,0.8939
6/2/2016,0.8967
6/3/2016,0.8798
6/6/2016,0.8807
6/7/2016,0.8804
6/8/2016,0.8776
6/9/2016,0.8837
6/10/2016,0.8888
6/13/2016,0.8855
6/14/2016,0.8923
6/15/2016,0.8881
6/16/2016,0.8908
6/17/2016,0.8868
6/20/2016,0.8841
6/21/2016,0.8895
6/22/2016,0.8852
6/23/2016,0.8785
6/24/2016,0.9005
6/27/2016,0.907
6/28/2016,0.9037
6/29/2016,0.8989
6/30/2016,0.9004
7/1/2016,0.8979
7/4/2016,0.8965
7/5/2016,0.9029
7/6/2016,0.9009
7/7/2016,0.904
7/8/2016,0.905
7/11/2016,0.9043
7/12/2016,0.9041
7/13/2016,0.9017
7/14/2016,0.8993
7/15/2016,0.9062
7/18/2016,0.9029
7/19/2016,0.9074
7/20/2016,0.9079
7/21/2016,0.9069
7/22/2016,0.911
7/25/2016,0.9095
7/26/2016,0.9103
7/27/2016,0.9043
7/28/2016,0.9028
7/29/2016,0.8949
8/1/2016,0.8958
8/2/2016,0.891
8/3/2016,0.8968
8/4/2016,0.8985
8/5/2016,0.902
8/8/2016,0.9019
8/9/2016,0.8995
8/10/2016,0.8948
8/11/2016,0.8979
8/12/2016,0.8959
8/15/2016,0.8942
8/16/2016,0.8866
8/17/2016,0.8856
8/18/2016,0.8808
8/19/2016,0.883
8/22/2016,0.8833
8/23/2016,0.8845
8/24/2016,0.8878
8/25/2016,0.886
8/26/2016,0.8931
8/29/2016,0.8938
8/30/2016,0.8974
8/31/2016,0.8962
9/1/2016,0.8931
9/2/2016,0.8964
9/5/2016,0.8971
9/6/2016,0.8885
9/7/2016,0.8897
9/8/2016,0.888
9/9/2016,0.8903
9/12/2016,0.89
9/13/2016,0.8912
9/14/2016,0.8889
9/15/2016,0.8894
9/16/2016,0.8963
9/19/2016,0.8949
9/20/2016,0.8968
9/21/2016,0.8937
9/22/2016,0.8922
9/23/2016,0.8908
9/26/2016,0.8886
9/27/2016,0.8915
9/28/2016,0.8915
9/29/2016,0.891
9/30/2016,0.8901
10/3/2016,0.892
10/4/2016,0.8925
10/5/2016,0.8924
10/6/2016,0.8968
10/7/2016,0.8929
10/10/2016,0.8977
10/11/2016,0.9047
10/12/2016,0.9085
10/13/2016,0.9044
10/14/2016,0.9113
10/17/2016,0.9091
10/18/2016,0.9107
10/19/2016,0.9113
10/20/2016,0.915
10/21/2016,0.9187
10/24/2016,0.919
10/25/2016,0.9184
10/26/2016,0.9167
10/27/2016,0.9177
10/28/2016,0.9102
10/31/2016,0.9107
11/1/2016,0.9045
11/2/2016,0.9011
11/3/2016,0.9005
11/4/2016,0.8976
11/7/2016,0.9058
11/8/2016,0.907
11/9/2016,0.9167
11/10/2016,0.918
11/11/2016,0.9211
11/14/2016,0.9314
11/15/2016,0.9326
11/16/2016,0.9354
11/17/2016,0.9412
11/18/2016,0.9444
11/21/2016,0.9409
11/22/2016,0.941
11/23/2016,0.9477
11/24/2016,0.9475
11/25/2016,0.944
11/28/2016,0.9424
11/29/2016,0.939
11/30/2016,0.9444
12/1/2016,0.9379
12/2/2016,0.9375
12/5/2016,0.929
12/6/2016,0.933
12/7/2016,0.93
12/8/2016,0.9421
12/9/2016,0.9469
12/12/2016,0.9402
12/13/2016,0.9411
12/14/2016,0.9491
12/15/2016,0.9603
12/16/2016,0.9568
12/19/2016,0.9613
12/20/2016,0.9627
12/21/2016,0.9593
12/22/2016,0.9581
12/23/2016,0.9564
12/26/2016,0.9565
12/27/2016,0.9563
12/28/2016,0.9604
12/29/2016,0.9532
12/30/2016,0.9506
1/2/2017,0.9565
1/3/2017,0.9611
1/4/2017,0.9534
1/5/2017,0.9428
1/6/2017,0.9493
1/9/2017,0.9459
1/10/2017,0.9475
1/11/2017,0.945
1/12/2017,0.9423
1/13/2017,0.9395
1/16/2017,0.9434
1/17/2017,0.9334
1/18/2017,0.9408
1/19/2017,0.9377
1/20/2017,0.9345
1/23/2017,0.929
1/24/2017,0.9319
1/25/2017,0.9304
1/26/2017,0.9361
1/27/2017,0.9347
1/30/2017,0.9349
1/31/2017,0.9261
2/1/2017,0.9286
2/2/2017,0.9295
2/3/2017,0.9272
2/6/2017,0.9302
2/7/2017,0.936
2/8/2017,0.9347
2/9/2017,0.9385
2/10/2017,0.9398
2/13/2017,0.9437
2/14/2017,0.9454
2/15/2017,0.9434
2/16/2017,0.9369
