Date,AAPL US Equity
3/16/2012,75.8662
3/17/2012,75.8662
3/18/2012,75.8662
3/19/2012,77.8782
3/20/2012,78.5079
3/21/2012,78.0596
3/22/2012,77.6502
3/23/2012,77.224
3/24/2012,77.224
3/25/2012,77.224
3/26/2012,78.64
3/27/2012,79.6117
3/28/2012,80.0186
3/29/2012,79.0132
3/30/2012,77.6774
3/31/2012,77.6774
4/1/2012,77.6774
4/2/2012,80.1494
4/3/2012,81.5344
4/4/2012,80.8853
4/5/2012,82.0993
4/6/2012,82.0993
4/7/2012,82.0993
4/8/2012,82.0993
4/9/2012,82.4297
4/10/2012,81.4204
4/11/2012,81.1302
4/12/2012,80.6858
4/13/2012,78.4133
4/14/2012,78.4133
4/15/2012,78.4133
4/16/2012,75.1614
4/17/2012,78.9924
4/18/2012,78.8162
4/19/2012,76.1084
4/20/2012,74.235
4/21/2012,74.235
4/22/2012,74.235
4/23/2012,74.0692
4/24/2012,72.5896
4/25/2012,79.0313
4/26/2012,78.7333
4/27/2012,78.1244
4/28/2012,78.1244
4/29/2012,78.1244
4/30/2012,75.6602
5/1/2012,75.4205
5/2/2012,75.9193
5/3/2012,75.3803
5/4/2012,73.2335
5/5/2012,73.2335
5/6/2012,73.2335
5/7/2012,73.7816
5/8/2012,73.6131
5/9/2012,73.7427
5/10/2012,73.9163
5/11/2012,73.4227
5/12/2012,73.4227
5/13/2012,73.4227
5/14/2012,72.3227
5/15/2012,71.6684
5/16/2012,70.7492
5/17/2012,68.6821
5/18/2012,68.7158
5/19/2012,68.7158
5/20/2012,68.7158
5/21/2012,72.7192
5/22/2012,72.1608
5/23/2012,73.9215
5/24/2012,73.2426
5/25/2012,72.85
5/26/2012,72.85
5/27/2012,72.85
5/28/2012,72.85
5/29/2012,74.143
5/30/2012,75.037
5/31/2012,74.8504
6/1/2012,72.6816
6/2/2012,72.6816
6/3/2012,72.6816
6/4/2012,73.1091
6/5/2012,72.92
6/6/2012,74.0381
6/7/2012,74.0718
6/8/2012,75.186
6/9/2012,75.186
6/10/2012,75.186
6/11/2012,74.0005
6/12/2012,74.647
6/13/2012,74.1288
6/14/2012,74.0472
6/15/2012,74.384
6/16/2012,74.384
6/17/2012,74.384
6/18/2012,75.8934
6/19/2012,76.1046
6/20/2012,75.8883
6/21/2012,74.8426
6/22/2012,75.4166
6/23/2012,75.4166
6/24/2012,75.4166
6/25/2012,73.948
6/26/2012,74.1113
6/27/2012,74.4319
6/28/2012,73.7258
6/29/2012,75.6628
6/30/2012,75.6628
7/1/2012,75.6628
7/2/2012,76.7666
7/3/2012,77.6593
7/4/2012,77.6593
7/5/2012,79.0235
7/6/2012,78.4975
7/7/2012,78.4975
7/8/2012,78.4975
7/9/2012,79.5353
7/10/2012,78.7994
7/11/2012,78.3097
7/12/2012,77.5932
7/13/2012,78.3796
7/14/2012,78.3796
7/15/2012,78.3796
7/16/2012,78.631
7/17/2012,78.6349
7/18/2012,78.5468
7/19/2012,79.591
7/20/2012,78.2928
7/21/2012,78.2928
7/22/2012,78.2928
7/23/2012,78.2319
7/24/2012,77.8549
7/25/2012,74.4928
7/26/2012,74.4812
7/27/2012,75.813
7/28/2012,75.813
7/29/2012,75.813
7/30/2012,77.0918
7/31/2012,79.1298
8/1/2012,78.618
8/2/2012,78.745
8/3/2012,79.7698
8/4/2012,79.7698
8/5/2012,79.7698
8/6/2012,80.6573
8/7/2012,80.4453
8/8/2012,80.3088
8/9/2012,80.7668
8/10/2012,80.893
8/11/2012,80.893
8/12/2012,80.893
8/13/2012,81.9729
8/14/2012,82.1928
8/15/2012,82.0809
8/16/2012,82.7979
8/17/2012,84.3293
8/18/2012,84.3293
8/19/2012,84.3293
8/20/2012,86.5465
8/21/2012,85.364
8/22/2012,87.0305
8/23/2012,86.2186
8/24/2012,86.2956
8/25/2012,86.2956
8/26/2012,86.2956
8/27/2012,87.9166
8/28/2012,87.8021
8/29/2012,87.6286
8/30/2012,86.3797
8/31/2012,86.5582
9/1/2012,86.5582
9/2/2012,86.5582
9/3/2012,86.5582
9/4/2012,87.8242
9/5/2012,87.2075
9/6/2012,87.9934
9/7/2012,88.536
9/8/2012,88.536
9/9/2012,88.536
9/10/2012,86.2329
9/11/2012,85.9532
9/12/2012,87.1502
9/13/2012,88.8665
9/14/2012,89.9464
9/15/2012,89.9464
9/16/2012,89.9464
9/17/2012,91.0526
9/18/2012,91.3296
9/19/2012,91.3543
9/20/2012,90.9119
9/21/2012,91.0934
9/22/2012,91.0934
9/23/2012,91.0934
9/24/2012,89.8827
9/25/2012,87.6382
9/26/2012,86.5504
9/27/2012,88.6505
9/28/2012,86.8009
9/29/2012,86.8009
9/30/2012,86.8009
10/1/2012,85.797
10/2/2012,86.0469
10/3/2012,87.3662
10/4/2012,86.7612
10/5/2012,84.9123
10/6/2012,84.9123
10/7/2012,84.9123
10/8/2012,83.036
10/9/2012,82.7341
10/10/2012,83.3925
10/11/2012,81.7257
10/12/2012,81.9357
10/13/2012,81.9357
10/14/2012,81.9357
10/15/2012,82.5923
10/16/2012,84.5483
10/17/2012,83.8744
10/18/2012,82.3164
10/19/2012,79.3498
10/20/2012,79.3498
10/21/2012,79.3498
10/22/2012,82.4973
10/23/2012,79.8072
10/24/2012,80.2593
10/25/2012,79.3105
10/26/2012,78.5899
10/27/2012,78.5899
10/28/2012,78.5899
10/29/2012,78.5899
10/30/2012,78.5899
10/31/2012,77.4605
11/1/2012,77.6193
11/2/2012,75.0508
11/3/2012,75.0508
11/4/2012,75.0508
11/5/2012,76.0684
11/6/2012,75.8379
11/7/2012,72.9365
11/8/2012,70.2893
11/9/2012,71.5062
11/10/2012,71.5062
11/11/2012,71.5062
11/12/2012,70.9533
11/13/2012,70.9622
11/14/2012,70.1756
11/15/2012,68.7038
11/16/2012,68.9728
11/17/2012,68.9728
11/18/2012,68.9728
11/19/2012,73.9466
11/20/2012,73.317
11/21/2012,73.4198
11/22/2012,73.4198
11/23/2012,74.7008
11/24/2012,74.7008
11/25/2012,74.7008
11/26/2012,77.0575
11/27/2012,76.4366
11/28/2012,76.1961
11/29/2012,77.0353
11/30/2012,76.502
12/1/2012,76.502
12/2/2012,76.502
12/3/2012,76.6209
12/4/2012,75.2688
12/5/2012,70.4256
12/6/2012,71.5304
12/7/2012,69.7011
12/8/2012,69.7011
12/9/2012,69.7011
12/10/2012,69.2529
12/11/2012,70.7649
12/12/2012,70.4527
12/13/2012,69.2358
12/14/2012,66.6352
12/15/2012,66.6352
12/16/2012,66.6352
12/17/2012,67.8163
12/18/2012,69.7861
12/19/2012,68.794
12/20/2012,68.1954
12/21/2012,67.8817
12/22/2012,67.8817
12/23/2012,67.8817
12/24/2012,67.9912
12/25/2012,67.9912
12/26/2012,67.0542
12/27/2012,67.3235
12/28/2012,66.6084
12/29/2012,66.6084
12/30/2012,66.6084
12/31/2012,69.5604
1/1/2013,69.5604
1/2/2013,71.7637
1/3/2013,70.8574
1/4/2013,68.8842
1/5/2013,68.8842
1/6/2013,68.8842
1/7/2013,68.479
1/8/2013,68.6633
1/9/2013,67.5902
1/10/2013,68.428
1/11/2013,68.0084
1/12/2013,68.0084
1/13/2013,68.0084
1/14/2013,65.5838
1/15/2013,63.5146
1/16/2013,66.1511
1/17/2013,65.7053
1/18/2013,65.355
1/19/2013,65.355
1/20/2013,65.355
1/21/2013,65.355
1/22/2013,65.9785
1/23/2013,67.1856
1/24/2013,58.8849
1/25/2013,57.4967
1/26/2013,57.4967
1/27/2013,57.4967
1/28/2013,58.7973
1/29/2013,59.9005
1/30/2013,59.7123
1/31/2013,59.5371
2/1/2013,59.2927
2/2/2013,59.2927
2/3/2013,59.2927
2/4/2013,57.8152
2/5/2013,59.8448
2/6/2013,59.7802
2/7/2013,61.5577
2/8/2013,62.4465
2/9/2013,62.4465
2/10/2013,62.4465
2/11/2013,63.0973
2/12/2013,61.5157
2/13/2013,61.3987
2/14/2013,61.3434
2/15/2013,60.4981
2/16/2013,60.4981
2/17/2013,60.4981
2/18/2013,60.4981
2/19/2013,60.4757
2/20/2013,59.0111
2/21/2013,58.6443
2/22/2013,59.2688
2/23/2013,59.2688
2/24/2013,59.2688
2/25/2013,58.2157
2/26/2013,59.0269
2/27/2013,58.4484
2/28/2013,58.0317
3/1/2013,56.5947
3/2/2013,56.5947
3/3/2013,56.5947
3/4/2013,55.2247
3/5/2013,56.6833
3/6/2013,55.9626
3/7/2013,56.6094
3/8/2013,56.759
3/9/2013,56.759
3/10/2013,56.759
3/11/2013,57.5676
3/12/2013,56.3265
3/13/2013,56.316
3/14/2013,56.8616
3/15/2013,58.3288
3/16/2013,58.3288
3/17/2013,58.3288
3/18/2013,59.9143
3/19/2013,59.7526
3/20/2013,59.4358
3/21/2013,59.5212
3/22/2013,60.7282
3/23/2013,60.7282
3/24/2013,60.7282
3/25/2013,60.9477
3/26/2013,60.6264
3/27/2013,59.4358
3/28/2013,58.1973
3/29/2013,58.1973
3/30/2013,58.1973
3/31/2013,58.1973
4/1/2013,56.3896
4/2/2013,56.5055
4/3/2013,56.7945
4/4/2013,56.2331
4/5/2013,55.6389
4/6/2013,55.6389
4/7/2013,55.6389
4/8/2013,56.0346
4/9/2013,56.1358
4/10/2013,57.281
4/11/2013,57.1022
4/12/2013,56.5066
4/13/2013,56.5066
4/14/2013,56.5066
4/15/2013,55.1985
4/16/2013,56.0386
4/17/2013,52.9569
4/18/2013,51.5435
4/19/2013,51.3437
4/20/2013,51.3437
4/21/2013,51.3437
4/22/2013,52.4139
4/23/2013,53.3947
4/24/2013,53.3068
4/25/2013,53.6905
4/26/2013,54.8507
4/27/2013,54.8507
4/28/2013,54.8507
4/29/2013,56.5487
4/30/2013,58.2131
5/1/2013,57.7543
5/2/2013,58.5733
5/3/2013,59.1597
5/4/2013,59.1597
5/5/2013,59.1597
5/6/2013,60.5704
5/7/2013,60.3006
5/8/2013,60.9819
5/9/2013,60.4499
5/10/2013,59.947
5/11/2013,59.947
5/12/2013,59.947
5/13/2013,60.1812
5/14/2013,58.7413
5/15/2013,56.7549
5/16/2013,57.5129
5/17/2013,57.3385
5/18/2013,57.3385
5/19/2013,57.3385
5/20/2013,58.6183
5/21/2013,58.1855
5/22/2013,58.4097
5/23/2013,58.5137
5/24/2013,58.9121
5/25/2013,58.9121
5/26/2013,58.9121
5/27/2013,58.9121
5/28/2013,58.4209
5/29/2013,58.8856
5/30/2013,59.763
5/31/2013,59.5189
6/1/2013,59.5189
6/2/2013,59.5189
6/3/2013,59.6492
6/4/2013,59.4626
6/5/2013,58.9068
6/6/2013,58.0267
6/7/2013,58.4702
6/8/2013,58.4702
6/9/2013,58.4702
6/10/2013,58.0836
6/11/2013,57.9129
6/12/2013,57.1969
6/13/2013,57.6965
6/14/2013,56.9137
6/15/2013,56.9137
6/16/2013,56.9137
6/17/2013,57.1718
6/18/2013,57.1413
6/19/2013,55.9807
6/20/2013,55.1652
6/21/2013,54.7234
6/22/2013,54.7234
6/23/2013,54.7234
6/24/2013,53.273
6/25/2013,53.2849
6/26/2013,52.6814
6/27/2013,52.1137
6/28/2013,52.4776
6/29/2013,52.4776
6/30/2013,52.4776
7/1/2013,54.157
7/2/2013,55.3838
7/3/2013,55.6895
7/4/2013,55.6895
7/5/2013,55.2422
7/6/2013,55.2422
7/7/2013,55.2422
7/8/2013,54.9286
7/9/2013,55.8947
7/10/2013,55.6803
7/11/2013,56.5482
7/12/2013,56.4452
7/13/2013,56.4452
7/14/2013,56.4452
7/15/2013,56.5683
7/16/2013,56.9329
7/17/2013,56.9481
7/18/2013,57.1397
7/19/2013,56.2388
7/20/2013,56.2388
7/21/2013,56.2388
7/22/2013,56.4187
7/23/2013,55.45
7/24/2013,58.298
7/25/2013,58.032
7/26/2013,58.3615
7/27/2013,58.3615
7/28/2013,58.3615
7/29/2013,59.2614
7/30/2013,59.9933
7/31/2013,59.8888
8/1/2013,60.4374
8/2/2013,61.2135
8/3/2013,61.2135
8/4/2013,61.2135
8/5/2013,62.128
8/6/2013,61.5721
8/7/2013,61.5364
8/8/2013,61.4138
8/9/2013,60.54
8/10/2013,60.54
8/11/2013,60.54
8/12/2013,62.2598
8/13/2013,65.2185
8/14/2013,66.4081
8/15/2013,66.3295
8/16/2013,66.9183
8/17/2013,66.9183
8/18/2013,66.9183
8/19/2013,67.639
8/20/2013,66.7505
8/21/2013,66.9223
8/22/2013,67.0023
8/23/2013,66.7438
8/24/2013,66.7438
8/25/2013,66.7438
8/26/2013,67.0036
8/27/2013,65.0879
8/28/2013,65.3951
8/29/2013,65.5022
8/30/2013,64.9049
8/31/2013,64.9049
9/1/2013,64.9049
9/2/2013,64.9049
9/3/2013,65.0866
9/4/2013,66.4336
9/5/2013,65.9778
9/6/2013,66.3708
9/7/2013,66.3708
9/8/2013,66.3708
9/9/2013,67.4299
9/10/2013,65.8939
9/11/2013,62.3064
9/12/2013,62.9698
9/13/2013,61.9321
9/14/2013,61.9321
9/15/2013,61.9321
9/16/2013,59.9631
9/17/2013,60.6559
9/18/2013,61.9028
9/19/2013,62.9179
9/20/2013,62.2664
9/21/2013,62.2664
9/22/2013,62.2664
9/23/2013,65.361
9/24/2013,65.1559
9/25/2013,64.1474
9/26/2013,64.7722
9/27/2013,64.31
9/28/2013,64.31
9/29/2013,64.31
9/30/2013,63.5107
10/1/2013,65.004
10/2/2013,65.2172
10/3/2013,64.3979
10/4/2013,64.3473
10/5/2013,64.3473
10/6/2013,64.3473
10/7/2013,64.976
10/8/2013,64.0688
10/9/2013,64.8212
10/10/2013,65.2276
10/11/2013,65.6504
10/12/2013,65.6504
10/13/2013,65.6504
10/14/2013,66.0804
10/15/2013,66.4321
10/16/2013,66.7563
10/17/2013,67.2074
10/18/2013,67.7922
10/19/2013,67.7922
10/20/2013,67.7922
10/21/2013,69.4537
10/22/2013,69.2546
10/23/2013,69.933
10/24/2013,70.8589
10/25/2013,70.066
10/26/2013,70.066
10/27/2013,70.066
10/28/2013,70.5879
10/29/2013,68.8297
10/30/2013,69.9245
10/31/2013,69.6322
11/1/2013,69.2762
11/2/2013,69.2762
11/3/2013,69.2762
11/4/2013,70.1715
11/5/2013,69.9981
11/6/2013,69.8
11/7/2013,68.6707
11/8/2013,69.7517
11/9/2013,69.7517
11/10/2013,69.7517
11/11/2013,69.5491
11/12/2013,69.678
11/13/2013,69.7616
11/14/2013,70.7701
11/15/2013,70.3455
11/16/2013,70.3455
11/17/2013,70.3455
11/18/2013,69.493
11/19/2013,69.6164
11/20/2013,69.0067
11/21/2013,69.8289
11/22/2013,69.6499
11/23/2013,69.6499
11/24/2013,69.6499
11/25/2013,70.1778
11/26/2013,71.4722
11/27/2013,73.1552
11/28/2013,73.1552
11/29/2013,74.5098
11/30/2013,74.5098
12/1/2013,74.5098
12/2/2013,73.8613
12/3/2013,75.8835
12/4/2013,75.7064
12/5/2013,76.0951
12/6/2013,75.0391
12/7/2013,75.0391
12/8/2013,75.0391
12/9/2013,75.898
12/10/2013,75.7801
12/11/2013,75.2187
12/12/2013,75.1088
12/13/2013,74.2901
12/14/2013,74.2901
12/15/2013,74.2901
12/16/2013,74.7015
12/17/2013,74.3651
12/18/2013,73.7997
12/19/2013,72.9542
12/20/2013,73.5652
12/21/2013,73.5652
12/22/2013,73.5652
12/23/2013,76.3884
12/24/2013,76.0642
12/25/2013,76.0642
12/26/2013,75.559
12/27/2013,75.0485
12/28/2013,75.0485
12/29/2013,75.0485
12/30/2013,74.3022
12/31/2013,75.1731
1/1/2014,75.1731
1/2/2014,74.1159
1/3/2014,72.4879
1/4/2014,72.4879
1/5/2014,72.4879
1/6/2014,72.8832
1/7/2014,72.3616
1/8/2014,72.8202
1/9/2014,71.8901
1/10/2014,71.4106
1/11/2014,71.4106
1/12/2014,71.4106
1/13/2014,71.7844
1/14/2014,73.2128
1/15/2014,74.6827
1/16/2014,74.266
1/17/2014,72.4463
1/18/2014,72.4463
1/19/2014,72.4463
1/20/2014,72.4463
1/21/2014,73.5719
1/22/2014,73.8988
1/23/2014,74.5246
1/24/2014,73.1699
1/25/2014,73.1699
1/26/2014,73.1699
1/27/2014,73.7635
1/28/2014,67.8678
1/29/2014,67.0973
1/30/2014,66.9676
1/31/2014,67.0772
2/1/2014,67.0772
2/2/2014,67.0772
2/3/2014,67.2018
2/4/2014,68.1746
2/5/2014,68.6838
2/6/2014,69.0841
2/7/2014,70.0506
2/8/2014,70.0506
2/9/2014,70.0506
2/10/2014,71.3056
2/11/2014,72.2451
2/12/2014,72.2397
2/13/2014,73.3868
2/14/2014,73.3275
2/15/2014,73.3275
2/16/2014,73.3275
2/17/2014,73.3275
2/18/2014,73.5971
2/19/2014,72.4352
2/20/2014,71.5967
2/21/2014,70.8014
2/22/2014,70.8014
2/23/2014,70.8014
2/24/2014,71.1115
2/25/2014,70.3714
2/26/2014,69.7366
2/27/2014,71.1276
2/28/2014,70.9349
3/1/2014,70.9349
3/2/2014,70.9349
3/3/2014,71.1398
3/4/2014,71.6089
3/5/2014,71.7598
3/6/2014,71.5428
3/7/2014,71.501
3/8/2014,71.501
3/9/2014,71.501
3/10/2014,71.5657
3/11/2014,72.2626
3/12/2014,72.3327
3/13/2014,71.5293
3/14/2014,70.726
3/15/2014,70.726
3/16/2014,70.726
3/17/2014,71.0023
3/18/2014,71.6304
3/19/2014,71.6116
3/20/2014,71.2665
3/21/2014,71.8286
3/22/2014,71.8286
3/23/2014,71.8286
3/24/2014,72.6805
3/25/2014,73.4623
3/26/2014,72.76
3/27/2014,72.4473
3/28/2014,72.3664
3/29/2014,72.3664
3/30/2014,72.3664
3/31/2014,72.3502
4/1/2014,73.0121
4/2/2014,73.1334
4/3/2014,72.6266
4/4/2014,71.687
4/5/2014,71.687
4/6/2014,71.687
4/7/2014,70.5615
4/8/2014,70.5575
4/9/2014,71.4849
4/10/2014,70.5629
4/11/2014,70.0412
4/12/2014,70.0412
4/13/2014,70.0412
4/14/2014,70.3202
4/15/2014,69.8188
4/16/2014,69.9603
4/17/2014,70.7597
4/18/2014,70.7597
4/19/2014,70.7597
4/20/2014,70.7597
4/21/2014,71.5994
4/22/2014,71.6707
4/23/2014,70.734
4/24/2014,76.533
4/25/2014,77.0951
4/26/2014,77.0951
4/27/2014,77.0951
4/28/2014,80.0808
4/29/2014,79.8435
4/30/2014,79.5416
5/1/2014,79.729
5/2/2014,79.8772
5/3/2014,79.8772
5/4/2014,79.8772
5/5/2014,81.0068
5/6/2014,80.1239
5/7/2014,79.8435
5/8/2014,79.7012
5/9/2014,79.3695
5/10/2014,79.3695
5/11/2014,79.3695
5/12/2014,80.3573
5/13/2014,80.4833
5/14/2014,80.4982
5/15/2014,79.8137
5/16/2014,80.9916
5/17/2014,80.9916
5/18/2014,80.9916
5/19/2014,81.9513
5/20/2014,81.9676
5/21/2014,82.1845
5/22/2014,82.3146
5/23/2014,83.2444
5/24/2014,83.2444
5/25/2014,83.2444
5/26/2014,83.2444
5/27/2014,84.8033
5/28/2014,84.5837
5/29/2014,86.1249
5/30/2014,85.8022
5/31/2014,85.8022
6/1/2014,85.8022
6/2/2014,85.2126
6/3/2014,86.4176
6/4/2014,87.4044
6/5/2014,87.7474
6/6/2014,87.5061
6/7/2014,87.5061
6/8/2014,87.5061
6/9/2014,88.9063
6/10/2014,89.4282
6/11/2014,89.0581
6/12/2014,87.5684
6/13/2014,86.6101
6/14/2014,86.6101
6/15/2014,86.6101
6/16/2014,87.4831
6/17/2014,87.3692
6/18/2014,87.4641
6/19/2014,87.1604
6/20/2014,86.259
6/21/2014,86.259
6/22/2014,86.259
6/23/2014,86.1831
6/24/2014,85.6613
6/25/2014,85.7372
6/26/2014,86.2496
6/27/2014,87.2743
6/28/2014,87.2743
6/29/2014,87.2743
6/30/2014,88.1757
7/1/2014,88.7355
7/2/2014,88.6976
7/3/2014,89.2194
7/4/2014,89.2194
7/5/2014,89.2194
7/6/2014,89.2194
7/7/2014,91.0583
7/8/2014,90.4719
7/9/2014,90.5099
7/10/2014,90.173
7/11/2014,90.3485
7/12/2014,90.3485
7/13/2014,90.3485
7/14/2014,91.5156
7/15/2014,90.4434
7/16/2014,89.9311
7/17/2014,88.3274
7/18/2014,89.599
7/19/2014,89.599
7/20/2014,89.599
7/21/2014,89.1331
7/22/2014,89.8741
7/23/2014,92.2178
7/24/2014,92.0659
7/25/2014,92.6742
7/26/2014,92.6742
7/27/2014,92.6742
7/28/2014,93.9541
7/29/2014,93.3469
7/30/2014,93.1286
7/31/2014,90.7091
8/1/2014,91.212
8/2/2014,91.212
8/3/2014,91.212
8/4/2014,90.6996
8/5/2014,90.2537
8/6/2014,90.1018
8/7/2014,90.0923
8/8/2014,90.3402
8/9/2014,90.3402
8/10/2014,90.3402
8/11/2014,91.5322
8/12/2014,91.5131
8/13/2014,92.7241
8/14/2014,92.9721
8/15/2014,93.4298
8/16/2014,93.4298
8/17/2014,93.4298
8/18/2014,94.555
8/19/2014,95.8614
8/20/2014,95.8995
8/21/2014,95.909
8/22/2014,96.6147
8/23/2014,96.6147
8/24/2014,96.6147
8/25/2014,96.8244
8/26/2014,96.2037
8/27/2014,97.387
8/28/2014,97.5015
8/29/2014,97.7399
8/30/2014,97.7399
8/31/2014,97.7399
9/1/2014,97.7399
9/2/2014,98.5027
9/3/2014,94.3452
9/4/2014,93.5633
9/5/2014,94.3738
9/6/2014,94.3738
9/7/2014,94.3738
9/8/2014,93.7921
9/9/2014,93.4393
9/10/2014,96.3095
9/11/2014,96.7196
9/12/2014,96.9389
9/13/2014,96.9389
9/14/2014,96.9389
9/15/2014,96.9103
9/16/2014,96.176
9/17/2014,96.8626
9/18/2014,97.0628
9/19/2014,96.2714
9/20/2014,96.2714
9/21/2014,96.2714
9/22/2014,96.3667
9/23/2014,97.8734
9/24/2014,97.0247
9/25/2014,93.3249
9/26/2014,96.0711
9/27/2014,96.0711
9/28/2014,96.0711
9/29/2014,95.4609
9/30/2014,96.0711
10/1/2014,94.574
10/2/2014,95.2606
10/3/2014,94.9936
10/4/2014,94.9936
10/5/2014,94.9936
10/6/2014,94.9936
10/7/2014,94.164
10/8/2014,96.1188
10/9/2014,96.3286
10/10/2014,96.0521
10/11/2014,96.0521
10/12/2014,96.0521
10/13/2014,95.1748
10/14/2014,94.164
10/15/2014,93.0102
10/16/2014,91.7897
10/17/2014,93.1342
10/18/2014,93.1342
10/19/2014,93.1342
10/20/2014,95.1271
10/21/2014,97.7113
10/22/2014,98.2071
10/23/2014,99.9617
10/24/2014,100.3335
10/25/2014,100.3335
10/26/2014,100.3335
10/27/2014,100.2287
10/28/2014,101.783
10/29/2014,102.3551
10/30/2014,102.0118
10/31/2014,102.9844
11/1/2014,102.9844
11/2/2014,102.9844
11/3/2014,104.3194
11/4/2014,103.5566
11/5/2014,103.8045
11/6/2014,104.1014
11/7/2014,104.3983
11/8/2014,104.3983
11/9/2014,104.3983
11/10/2014,104.2259
11/11/2014,105.0591
11/12/2014,106.5435
11/13/2014,108.0471
11/14/2014,109.3496
11/15/2014,109.3496
11/16/2014,109.3496
11/17/2014,109.1676
11/18/2014,110.585
11/19/2014,109.8188
11/20/2014,111.3895
11/21/2014,111.5427
11/22/2014,111.5427
11/23/2014,111.5427
11/24/2014,113.6065
11/25/2014,112.6249
11/26/2014,113.9656
11/27/2014,113.9656
11/28/2014,113.8986
11/29/2014,113.8986
11/30/2014,113.8986
12/1/2014,110.2019
12/2/2014,109.7805
12/3/2014,111.0255
12/4/2014,110.6041
12/5/2014,110.1349
12/6/2014,110.1349
12/7/2014,110.1349
12/8/2014,107.6449
12/9/2014,109.2921
12/10/2014,107.2139
12/11/2014,106.8979
12/12/2014,105.0878
12/13/2014,105.0878
12/14/2014,105.0878
12/15/2014,103.6465
12/16/2014,102.2291
12/17/2014,104.7814
12/18/2014,107.8843
12/19/2014,107.0511
12/20/2014,107.0511
12/21/2014,107.0511
12/22/2014,108.162
12/23/2014,107.7789
12/24/2014,107.2714
12/25/2014,107.2714
12/26/2014,109.1676
12/27/2014,109.1676
12/28/2014,109.1676
12/29/2014,109.091
12/30/2014,107.7598
12/31/2014,105.7103
1/1/2015,105.7103
1/2/2015,104.7047
1/3/2015,104.7047
1/4/2015,104.7047
1/5/2015,101.755
1/6/2015,101.7646
1/7/2015,103.1916
1/8/2015,107.1564
1/9/2015,107.2714
1/10/2015,107.2714
1/11/2015,107.2714
1/12/2015,104.6281
1/13/2015,105.5571
1/14/2015,105.1549
1/15/2015,102.3009
1/16/2015,101.506
1/17/2015,101.506
1/18/2015,101.506
1/19/2015,101.506
1/20/2015,104.1205
1/21/2015,104.9154
1/22/2015,107.6449
1/23/2015,108.2003
1/24/2015,108.2003
1/25/2015,108.2003
1/26/2015,108.3153
1/27/2015,104.5228
1/28/2015,110.4318
1/29/2015,113.8699
1/30/2015,112.2035
1/31/2015,112.2035
2/1/2015,112.2035
2/2/2015,113.6113
2/3/2015,113.6305
2/4/2015,114.502
2/5/2015,115.3192
2/6/2015,114.3481
2/7/2015,114.3481
2/8/2015,114.3481
2/9/2015,115.1077
2/10/2015,117.3191
2/11/2015,120.0689
2/12/2015,121.588
2/13/2015,122.1841
2/14/2015,122.1841
2/15/2015,122.1841
2/16/2015,122.1841
2/17/2015,122.9052
2/18/2015,123.7561
2/19/2015,123.5014
2/20/2015,124.5061
2/21/2015,124.5061
2/22/2015,124.5061
2/23/2015,127.8761
2/24/2015,127.078
2/25/2015,123.8283
2/26/2015,125.3907
2/27/2015,123.511
2/28/2015,123.511
3/1/2015,123.511
3/2/2015,124.1167
3/3/2015,124.3763
3/4/2015,123.5879
3/5/2015,121.54
3/6/2015,121.7226
3/7/2015,121.7226
3/8/2015,121.7226
3/9/2015,122.2418
3/10/2015,119.7131
3/11/2015,117.5306
3/12/2015,119.6555
3/13/2015,118.8286
3/14/2015,118.8286
3/15/2015,118.8286
3/16/2015,120.1362
3/17/2015,122.1457
3/18/2015,123.5206
3/19/2015,122.5832
3/20/2015,121.0496
3/21/2015,121.0496
3/22/2015,121.0496
3/23/2015,122.3091
3/24/2015,121.8092
3/25/2015,118.6267
3/26/2015,119.4536
3/27/2015,118.5017
3/28/2015,118.5017
3/29/2015,118.5017
3/30/2015,121.5015
3/31/2015,119.6362
4/1/2015,119.4632
4/2/2015,120.4919
4/3/2015,120.4919
4/4/2015,120.4919
4/5/2015,120.4919
4/6/2015,122.4437
4/7/2015,121.1554
4/8/2015,120.7612
4/9/2015,121.6842
4/10/2015,122.2034
4/11/2015,122.2034
4/12/2015,122.2034
4/13/2015,121.963
4/14/2015,121.4342
4/15/2015,121.8957
4/16/2015,121.3092
4/17/2015,119.9439
4/18/2015,119.9439
4/19/2015,119.9439
4/20/2015,122.6841
4/21/2015,122.0207
4/22/2015,123.6648
4/23/2015,124.6744
4/24/2015,125.2609
4/25/2015,125.2609
4/26/2015,125.2609
4/27/2015,127.5395
4/28/2015,125.5301
4/29/2015,123.684
4/30/2015,120.3285
5/1/2015,123.9821
5/2/2015,123.9821
5/3/2015,123.9821
5/4/2015,123.7417
5/5/2015,120.9535
5/6/2015,120.1939
5/7/2015,120.9373
5/8/2015,123.2159
5/9/2015,123.2159
5/10/2015,123.2159
5/11/2015,121.9607
5/12/2015,121.5214
5/13/2015,121.6614
5/14/2015,124.5
5/15/2015,124.3262
5/16/2015,124.3262
5/17/2015,124.3262
5/18/2015,125.6972
5/19/2015,125.5813
5/20/2015,125.5717
5/21/2015,126.8558
5/22/2015,127.9661
5/23/2015,127.9661
5/24/2015,127.9661
5/25/2015,127.9661
5/26/2015,125.1469
5/27/2015,127.4882
5/28/2015,127.2323
5/29/2015,125.7841
5/30/2015,125.7841
5/31/2015,125.7841
6/1/2015,126.0303
6/2/2015,125.4751
6/3/2015,125.6296
6/4/2015,124.8958
6/5/2015,124.2103
6/6/2015,124.2103
6/7/2015,124.2103
6/8/2015,123.3897
6/9/2015,123.0228
6/10/2015,124.4324
6/11/2015,124.1524
6/12/2015,122.7814
6/13/2015,122.7814
6/14/2015,122.7814
6/15/2015,122.54
6/16/2015,123.1966
6/17/2015,122.9069
6/18/2015,123.4669
6/19/2015,122.2311
6/20/2015,122.2311
6/21/2015,122.2311
6/22/2015,123.2062
6/23/2015,122.6462
6/24/2015,123.689
6/25/2015,123.1
6/26/2015,122.3759
6/27/2015,122.3759
6/28/2015,122.3759
6/29/2015,120.2325
6/30/2015,121.0966
7/1/2015,122.2311
7/2/2015,122.0766
7/3/2015,122.0766
7/4/2015,122.0766
7/5/2015,122.0766
7/6/2015,121.6518
7/7/2015,121.3525
7/8/2015,118.3401
7/9/2015,115.9264
7/10/2015,119.0256
7/11/2015,119.0256
7/12/2015,119.0256
7/13/2015,121.3235
7/14/2015,121.2752
7/15/2015,122.4435
7/16/2015,124.0752
7/17/2015,125.1469
7/18/2015,125.1469
7/19/2015,125.1469
7/20/2015,127.5123
7/21/2015,126.2379
7/22/2015,120.8987
7/23/2015,120.8408
7/24/2015,120.2035
7/25/2015,120.2035
7/26/2015,120.2035
7/27/2015,118.5332
7/28/2015,119.1222
7/29/2015,118.7457
7/30/2015,118.1471
7/31/2015,117.114
8/1/2015,117.114
8/2/2015,117.114
8/3/2015,114.3527
8/4/2015,110.6838
8/5/2015,111.4176
8/6/2015,111.6601
8/7/2015,112.0383
8/8/2015,112.0383
8/9/2015,112.0383
8/10/2015,116.1117
8/11/2015,110.0695
8/12/2015,111.7667
8/13/2015,111.6794
8/14/2015,112.465
8/15/2015,112.465
8/16/2015,112.465
8/17/2015,113.6289
8/18/2015,112.9888
8/19/2015,111.5437
8/20/2015,109.2548
8/21/2015,102.5725
8/22/2015,102.5725
8/23/2015,102.5725
8/24/2015,100.012
8/25/2015,100.6133
8/26/2015,106.384
8/27/2015,109.5167
8/28/2015,109.8755
8/29/2015,109.8755
8/30/2015,109.8755
8/31/2015,109.3615
9/1/2015,104.4734
9/2/2015,108.9541
9/3/2015,107.0435
9/4/2015,105.9767
9/5/2015,105.9767
9/6/2015,105.9767
9/7/2015,105.9767
9/8/2015,108.925
9/9/2015,106.8301
9/10/2015,109.1772
9/11/2015,110.7678
9/12/2015,110.7678
9/13/2015,110.7678
9/14/2015,111.8346
9/15/2015,112.7754
9/16/2015,112.9015
9/17/2015,110.4865
9/18/2015,110.0307
9/19/2015,110.0307
9/20/2015,110.0307
9/21/2015,111.7376
9/22/2015,109.9822
9/23/2015,110.8745
9/24/2015,111.534
9/25/2015,111.2527
9/26/2015,111.2527
9/27/2015,111.2527
9/28/2015,109.0511
9/29/2015,105.773
9/30/2015,106.9756
10/1/2015,106.2773
10/2/2015,107.0532
10/3/2015,107.0532
10/4/2015,107.0532
10/5/2015,107.4412
10/6/2015,107.9552
10/7/2015,107.4412
10/8/2015,106.1997
10/9/2015,108.7408
10/10/2015,108.7408
10/11/2015,108.7408
10/12/2015,108.2364
10/13/2015,108.4207
10/14/2015,106.8883
10/15/2015,108.4886
10/16/2015,107.6933
10/17/2015,107.6933
10/18/2015,107.6933
10/19/2015,108.3625
10/20/2015,110.341
10/21/2015,110.3313
10/22/2015,112.0189
10/23/2015,115.491
10/24/2015,115.491
10/25/2015,115.491
10/26/2015,111.8055
10/27/2015,111.0975
10/28/2015,115.6753
10/29/2015,116.8973
10/30/2015,115.8983
10/31/2015,115.8983
11/1/2015,115.8983
11/2/2015,117.5277
11/3/2015,118.8758
11/4/2015,118.323
11/5/2015,117.7775
11/6/2015,117.9139
11/7/2015,117.9139
11/8/2015,117.9139
11/9/2015,117.4366
11/10/2015,113.7354
11/11/2015,113.0926
11/12/2015,112.7127
11/13/2015,109.4205
11/14/2015,109.4205
11/15/2015,109.4205
11/16/2015,111.2078
11/17/2015,110.7354
11/18/2015,114.2419
11/19/2015,115.6932
11/20/2015,116.1996
11/21/2015,116.1996
11/22/2015,116.1996
11/23/2015,114.6899
11/24/2015,115.7906
11/25/2015,114.9627
11/26/2015,114.9627
11/27/2015,114.7484
11/28/2015,114.7484
11/29/2015,114.7484
11/30/2015,115.2256
12/1/2015,114.2906
12/2/2015,113.2581
12/3/2015,112.2062
12/4/2015,115.9367
12/5/2015,115.9367
12/6/2015,115.9367
12/7/2015,115.2062
12/8/2015,115.1575
12/9/2015,112.6153
12/10/2015,113.151
12/11/2015,110.2387
12/12/2015,110.2387
12/13/2015,110.2387
12/14/2015,109.5569
12/15/2015,107.6186
12/16/2015,108.4465
12/17/2015,106.1478
12/18/2015,103.2745
12/19/2015,103.2745
12/20/2015,103.2745
12/21/2015,104.5407
12/22/2015,104.4433
12/23/2015,105.7875
12/24/2015,105.2225
12/25/2015,105.2225
12/26/2015,105.2225
12/27/2015,105.2225
12/28/2015,104.044
12/29/2015,105.9141
12/30/2015,104.531
12/31/2015,102.5245
1/1/2016,102.5245
1/2/2016,102.5245
1/3/2016,102.5245
1/4/2016,102.6122
1/5/2016,100.0408
1/6/2016,98.083
1/7/2016,93.9435
1/8/2016,94.4402
1/9/2016,94.4402
1/10/2016,94.4402
1/11/2016,95.9694
1/12/2016,97.3623
1/13/2016,94.859
1/14/2016,96.9337
1/15/2016,94.6058
1/16/2016,94.6058
1/17/2016,94.6058
1/18/2016,94.6058
1/19/2016,94.148
1/20/2016,94.2746
1/21/2016,93.7974
1/22/2016,98.7843
1/23/2016,98.7843
1/24/2016,98.7843
1/25/2016,96.8558
1/26/2016,97.3915
1/27/2016,90.9922
1/28/2016,91.6448
1/29/2016,94.8103
1/30/2016,94.8103
1/31/2016,94.8103
2/1/2016,93.924
2/2/2016,92.0247
2/3/2016,93.8461
2/4/2016,94.6001
2/5/2016,92.0735
2/6/2016,92.0735
2/7/2016,92.0735
2/8/2016,93.043
2/9/2016,93.0235
2/10/2016,92.3184
2/11/2016,91.7602
2/12/2016,92.0442
2/13/2016,92.0442
2/14/2016,92.0442
2/15/2016,92.0442
2/16/2016,94.6393
2/17/2016,96.0887
2/18/2016,94.2672
2/19/2016,94.0517
2/20/2016,94.0517
2/21/2016,94.0517
2/22/2016,94.8743
2/23/2016,92.7297
2/24/2016,94.1105
2/25/2016,94.7568
2/26/2016,94.9037
2/27/2016,94.9037
2/28/2016,94.9037
2/29/2016,94.6883
3/1/2016,98.4488
3/2/2016,98.6642
3/3/2016,99.3987
3/4/2016,100.8774
3/5/2016,100.8774
3/6/2016,100.8774
3/7/2016,99.761
3/8/2016,98.9384
3/9/2016,99.0266
3/10/2016,99.0755
3/11/2016,100.143
3/12/2016,100.143
3/13/2016,100.143
3/14/2016,100.3976
3/15/2016,102.4149
3/16/2016,103.7761
3/17/2016,103.6097
3/18/2016,103.7272
3/19/2016,103.7272
3/20/2016,103.7272
3/21/2016,103.7174
3/22/2016,104.5106
3/23/2016,103.9328
3/24/2016,103.4824
3/25/2016,103.4824
3/26/2016,103.4824
3/27/2016,103.4824
3/28/2016,103.0123
3/29/2016,105.4507
3/30/2016,107.2918
3/31/2016,106.7336
4/1/2016,107.7129
4/2/2016,107.7129
4/3/2016,107.7129
4/4/2016,108.8195
4/5/2016,107.5366
4/6/2016,108.6628
4/7/2016,106.2929
4/8/2016,106.4105
4/9/2016,106.4105
4/10/2016,106.4105
4/11/2016,106.763
4/12/2016,108.1536
4/13/2016,109.7205
4/14/2016,109.7792
4/15/2016,107.5758
4/16/2016,107.5758
4/17/2016,107.5758
4/18/2016,105.2549
4/19/2016,104.6967
4/20/2016,104.9121
4/21/2016,103.7761
4/22/2016,103.4922
4/23/2016,103.4922
4/24/2016,103.4922
4/25/2016,102.9046
4/26/2016,102.1897
4/27/2016,95.7949
4/28/2016,92.8668
4/29/2016,91.7993
4/30/2016,91.7993
5/1/2016,91.7993
5/2/2016,91.7014
5/3/2016,93.2095
5/4/2016,92.24
5/5/2016,91.8656
5/6/2016,91.3533
5/7/2016,91.3533
5/8/2016,91.3533
5/9/2016,91.4223
5/10/2016,92.043
5/11/2016,91.1464
5/12/2016,89.0084
5/13/2016,89.1857
5/14/2016,89.1857
5/15/2016,89.1857
5/16/2016,92.4962
5/17/2016,92.1119
5/18/2016,93.1662
5/19/2016,92.8115
5/20/2016,93.8164
5/21/2016,93.8164
5/22/2016,93.8164
5/23/2016,95.0086
5/24/2016,96.4569
5/25/2016,98.1516
5/26/2016,98.9299
5/27/2016,98.8708
5/28/2016,98.8708
5/29/2016,98.8708
5/30/2016,98.8708
5/31/2016,98.388
6/1/2016,97.0087
6/2/2016,96.2796
6/3/2016,96.4766
6/4/2016,96.4766
6/5/2016,96.4766
6/6/2016,97.1762
6/7/2016,97.5703
6/8/2016,97.4816
6/9/2016,98.1811
6/10/2016,97.3732
6/11/2016,97.3732
6/12/2016,97.3732
6/13/2016,95.9052
6/14/2016,96.0234
6/15/2016,95.7081
6/16/2016,96.1121
6/17/2016,93.9248
6/18/2016,93.9248
6/19/2016,93.9248
6/20/2016,93.6982
6/21/2016,94.4963
6/22/2016,94.1416
6/23/2016,94.6835
6/24/2016,92.0233
6/25/2016,92.0233
6/26/2016,92.0233
6/27/2016,90.6833
6/28/2016,92.2105
6/29/2016,93.0085
6/30/2016,94.1908
7/1/2016,94.4766
7/2/2016,94.4766
7/3/2016,94.4766
7/4/2016,94.4766
7/5/2016,93.5898
7/6/2016,94.1219
7/7/2016,94.5258
7/8/2016,95.2549
7/9/2016,95.2549
7/10/2016,95.2549
7/11/2016,95.5505
7/12/2016,95.984
7/13/2016,95.4421
7/14/2016,97.3338
7/15/2016,97.324
7/16/2016,97.324
7/17/2016,97.324
7/18/2016,98.3585
7/19/2016,98.3979
7/20/2016,98.4866
7/21/2016,97.9644
7/22/2016,97.2057
7/23/2016,97.2057
7/24/2016,97.2057
7/25/2016,95.9052
7/26/2016,95.2451
7/27/2016,101.4325
7/28/2016,102.802
7/29/2016,102.6739
7/30/2016,102.6739
7/31/2016,102.6739
8/1/2016,104.4868
8/2/2016,102.9399
8/3/2016,104.2306
8/4/2016,104.8745
8/5/2016,106.4694
8/6/2016,106.4694
8/7/2016,106.4694
8/8/2016,107.351
8/9/2016,107.7869
8/10/2016,106.9845
8/11/2016,106.9152
8/12/2016,107.1628
8/13/2016,107.1628
8/14/2016,107.1628
8/15/2016,108.4506
8/16/2016,108.3515
8/17/2016,108.193
8/18/2016,108.0543
8/19/2016,108.3317
8/20/2016,108.3317
8/21/2016,108.3317
8/22/2016,107.4897
8/23/2016,107.8265
8/24/2016,107.0142
8/25/2016,106.5585
8/26/2016,105.9345
8/27/2016,105.9345
8/28/2016,105.9345
8/29/2016,105.8156
8/30/2016,105.0033
8/31/2016,105.1024
9/1/2016,105.7264
9/2/2016,106.717
9/3/2016,106.717
9/4/2016,106.717
9/5/2016,106.717
9/6/2016,106.6873
9/7/2016,107.3411
9/8/2016,104.5278
9/9/2016,102.1603
9/10/2016,102.1603
9/11/2016,102.1603
9/12/2016,104.4486
9/13/2016,106.935
9/14/2016,110.719
9/15/2016,114.4833
9/16/2016,113.8394
9/17/2016,113.8394
9/18/2016,113.8394
9/19/2016,112.512
9/20/2016,112.5021
9/21/2016,112.4823
9/22/2016,113.5422
9/23/2016,111.6502
9/24/2016,111.6502
9/25/2016,111.6502
9/26/2016,111.8186
9/27/2016,112.0266
9/28/2016,112.8785
9/29/2016,111.1252
9/30/2016,111.987
10/1/2016,111.987
10/2/2016,111.987
10/3/2016,111.462
10/4/2016,111.9375
10/5/2016,111.987
10/6/2016,112.8191
10/7/2016,112.9875
10/8/2016,112.9875
10/9/2016,112.9875
10/10/2016,114.9588
10/11/2016,115.2065
10/12/2016,116.2367
10/13/2016,115.8801
10/14/2016,116.5239
10/15/2016,116.5239
10/16/2016,116.5239
10/17/2016,116.4447
10/18/2016,116.3654
10/19/2016,116.0187
10/20/2016,115.9593
10/21/2016,115.5036
10/22/2016,115.5036
10/23/2016,115.5036
10/24/2016,116.5438
10/25/2016,117.1381
10/26/2016,114.5031
10/27/2016,113.4036
10/28/2016,112.6507
10/29/2016,112.6507
10/30/2016,112.6507
10/31/2016,112.4724
11/1/2016,110.4417
11/2/2016,110.5407
11/3/2016,109.3559
11/4/2016,108.3701
11/5/2016,108.3701
11/6/2016,108.3701
11/7/2016,109.9334
11/8/2016,110.5806
11/9/2016,110.4013
11/10/2016,107.3247
11/11/2016,107.9619
11/12/2016,107.9619
11/13/2016,107.9619
11/14/2016,105.2537
11/15/2016,106.6476
11/16/2016,109.5152
11/17/2016,109.4754
11/18/2016,109.5849
11/19/2016,109.5849
11/20/2016,109.5849
11/21/2016,111.2477
11/22/2016,111.3174
11/23/2016,110.7498
11/24/2016,110.7498
11/25/2016,111.3074
11/26/2016,111.3074
11/27/2016,111.3074
11/28/2016,111.0884
11/29/2016,110.9788
11/30/2016,110.0429
12/1/2016,109.0173
12/2/2016,109.4256
12/3/2016,109.4256
12/4/2016,109.4256
12/5/2016,108.639
12/6/2016,109.4754
12/7/2016,110.5507
12/8/2016,111.636
12/9/2016,113.4581
12/10/2016,113.4581
12/11/2016,113.4581
12/12/2016,112.8109
12/13/2016,114.6927
12/14/2016,114.6927
12/15/2016,115.32
12/16/2016,115.4694
12/17/2016,115.4694
12/18/2016,115.4694
12/19/2016,116.1365
12/20/2016,116.4451
12/21/2016,116.5547
12/22/2016,115.788
12/23/2016,116.017
12/24/2016,116.017
12/25/2016,116.017
12/26/2016,116.017
12/27/2016,116.7538
12/28/2016,116.256
12/29/2016,116.2261
12/30/2016,115.32
12/31/2016,115.32
1/1/2017,115.32
1/2/2017,115.32
1/3/2017,115.6486
1/4/2017,115.5191
1/5/2017,116.1066
1/6/2017,117.401
1/7/2017,117.401
1/8/2017,117.401
1/9/2017,118.4763
1/10/2017,118.5958
1/11/2017,119.2331
1/12/2017,118.7352
1/13/2017,118.5261
1/14/2017,118.5261
1/15/2017,118.5261
1/16/2017,118.5261
1/17/2017,119.482
1/18/2017,119.472
1/19/2017,119.2629
1/20/2017,119.482
1/21/2017,119.482
1/22/2017,119.482
1/23/2017,119.5616
1/24/2017,119.4521
1/25/2017,121.3539
1/26/2017,121.4136
1/27/2017,121.4236
1/28/2017,121.4236
1/29/2017,121.4236
1/30/2017,121.1049
1/31/2017,120.8261
2/1/2017,128.1942
2/2/2017,127.9751
2/3/2017,128.5228
2/4/2017,128.5228
2/5/2017,128.5228
2/6/2017,129.7275
2/7/2017,130.9622
2/8/2017,131.47
2/9/2017,132.42
2/10/2017,132.12
2/11/2017,132.12
2/12/2017,132.12
2/13/2017,133.29
2/14/2017,135.02
2/15/2017,135.51
2/16/2017,135.345
2/17/2017,135.72
2/18/2017,135.72
2/19/2017,135.72
2/20/2017,135.72
2/21/2017,136.7
2/22/2017,137.11
2/23/2017,136.53
2/24/2017,136.66
2/25/2017,136.66
2/26/2017,136.66
2/27/2017,136.93
2/28/2017,136.99
3/1/2017,139.79
3/2/2017,138.96
3/3/2017,139.78
3/4/2017,139.78
3/5/2017,139.78
3/6/2017,139.34
3/7/2017,139.52
3/8/2017,139
3/9/2017,138.68
3/10/2017,139.14
3/11/2017,139.14
3/12/2017,139.14
3/13/2017,139.2
3/14/2017,138.99
3/15/2017,140.46
